category,subcategory_1,subcategory_2,uuid,name,description,part_number,price,cost,taxable,unit_of_measure,material_markup_enabled
Install,Refrigerant piping,Copper tubing,pbmat_088c744aca1d448bbbf6a115cc49a821,EZB38164,"Refrigerant tubing 3/8"" EZB black coated lineset",EZB38164,$702.16,$702.16,true,Each,false
Equipment,Mitsubishi,"",pbmat_259904e52dab4744a7920a0ee271c44a,PUZ-HA24NHA1,"Zuba central outdoor

Brand: Mitsubishi
Outdoor model number: PUZ-HA24NHA1
Indoor model number(s): PVA-A24AA7
Heat Pump AHRI number: 206223044
Tonnage: 2
HSPF: 10.40
SEER: 19.00
",PUZ-HA24NHA1,$6343.20,$6343.20,true,Each,false
Equipment,Mitsubishi,"",pbmat_5cf6ccf1394b467f848456385488a1ef,PUZ-HA36NKA,"Zuba central outdoor

Brand: Mitsubishi
Outdoor model number: PUZ-HA36NKA
Indoor model number(s): PVA-A36AA7
Heat Pump AHRI number: 206223052
Tonnage: 3
HSPF: 11.20
SEER: 18.20",PUZ-HA36NKA,$7504.80,$7504.80,true,Each,false
Equipment,Mitsubishi,"",pbmat_dc5a9d6ead5741ae9786eb4e7f0a0535,PUZ-HA42NKA1,"Zuba central

** Not eligible for CleanBC (SEER too low)

Brand: Mitsubishi
Outdoor model number: PUZ-HA42NKA1
Indoor model number(s): PVA-A42AA7
Heat Pump AHRI number: 206223059
Tonnage: 3.5
HSPF: 10
SEER: 15.4",PUZ-HA42NKA1,$8204.80,$8204.80,true,Each,false
Equipment,Mitsubishi,"",pbmat_323088885fd34e93a193961bfd6ad144,PUZ-HA30NKA,"Zuba Central 2.5 Ton
",PUZ-HA30NKA,$6956.00,$6956.00,true,Each,false
Equipment,Mitsubishi,"",pbmat_a5fb6b5e321a48a5ba68308ce1153a37,PVA-A24AA7,Zuba central ducted air handler,PVA-A24AA7,$2642.40,$2642.40,true,Each,false
Equipment,Mitsubishi,"",pbmat_f96724dd1d6648a2a10ffd4ff793febe,PVA-A30AA7,Zuba central ducted air handler,PVA-A30AA7,$2777.60,$2777.60,true,Each,false
Equipment,Mitsubishi,"",pbmat_ef85c7448f8a4e139c5fab1b97dd9185,PVA-A36AA7,Zuba central ducted air handler,PVA-A36AA7,$3097.60,$3097.60,true,Each,false
Equipment,Mitsubishi,"",pbmat_648c7621915d418094cee705b4721d8c,PVA-A42AA7,"Zuba central ducted air handler
",PVA-A42AA7,$3643.20,$3643.20,true,Each,false
Equipment,Mitsubishi,"",pbmat_1e176ec3bb7c4982a45877458929268a,MXZ-3C24NAHZ4,"Multi-split H2i (Non-ducted)

Brand: Mitsubishi
Outdoor model number: MXZ-3C24NAHZ4
Indoor model number(s): See materials
Heat Pump AHRI number: 209424902
Tonnage: 2
HSPF2: 10
SEER2: 19",MXZ-3C24NAHZ4,$6264.00,$6264.00,true,Each,false
Equipment,Mitsubishi,"",pbmat_bd4448d018aa451a9dc783c375365425,MXZ-4C36NAHZ2,"Multi-split H2i (Non-ducted)

Brand: Mitsubishi
Outdoor model number: MXZ-4C36NAHZ2
Indoor model number(s): See materials
Heat Pump AHRI number: 204834292
Tonnage: 3
HSPF: 11.30
SEER: 20.00",MXZ-4C36NAHZ2,$6369.60,$6369.60,true,Each,false
Equipment,Mitsubishi,"",pbmat_2c82c0a03d174be782453b1c679b08df,MXZ-4C36NAHZ2,"Multi-split H2i (Mixed)

Brand: Mitsubishi
Outdoor model number: MXZ-4C36NAHZ2
Indoor model number(s): See materials
Heat Pump AHRI number: 204926512
Tonnage: 3
HSPF: 11.15
SEER: 18.75",MXZ-4C36NAHZ2,$6369.60,$6369.60,true,Each,false
Equipment,Mitsubishi,"",pbmat_7747c646f8c045d59f02bfc2406d2045,MXZ-5C42NAHZ2,"Multi-split H2i (Non-ducted)

Brand: Mitsubishi
Outdoor model number: MXZ-5C42NAHZ2
Indoor model number(s): See materials
Heat Pump AHRI number: 204834294
Tonnage: 3.5
HSPF: 11.00
SEER: 20.00",MXZ-5C42NAHZ2,$8012.80,$8012.80,true,Each,false
Equipment,Mitsubishi,"",pbmat_cf643543f7d94c0ab7ce12ae93efd35a,MXZ-5C42NAHZ2,"Multi-split H2i (Mixed)
Brand: Mitsubishi
Outdoor model number: MXZ-5C42NAHZ2
Indoor model number(s): See materials
Heat Pump AHRI number: 204926514
Tonnage: 3.5
HSPF: 10.80
SEER: 18.50",MXZ-5C42NAHZ2,$8012.80,$8012.80,true,Each,false
Equipment,Mitsubishi,"",pbmat_ad299fab51484157b3be977643b69a7f,MXZ-8C48NAHZ2,"Multi-split H2i(Non-ducted)

Brand: Mitsubishi
Outdoor model number: MXZ-8C48NAHZ2
Indoor model number(s): See materials
Heat Pump AHRI number: 204834267
Tonnage: 4
HSPF: 11.50
SEER: 20.00",MXZ-8C48NAHZ2,$8559.20,$8559.20,true,Each,false
Equipment,Mitsubishi,"",pbmat_de3e16c15f484d1887badef09c3ad586,MXZ-8C48NAHZ2,"Multi-split H2i (Mixed)

Brand: Mitsubishi
Outdoor model number: MXZ-8C48NAHZ2
Indoor model number(s): See materials
Heat Pump AHRI number: 204926517
Tonnage: 4
HSPF: 10.80
SEER: 18.00",MXZ-8C48NAHZ2,$8559.20,$8559.20,true,Each,false
Equipment,Mitsubishi,"",pbmat_265f5c91e27549e6b893ca9bbbd1e819,MXZ-3C30NAHZ4,"Multi-split H2i (Non-ducted)

Brand: Mitsubishi
Outdoor model number: MXZ-3C30NAHZ4
Indoor model number(s): See materials
Heat Pump AHRI number: 209424905
Tonnage: 2.5
HSPF2: 10.00
SEER: 18.00",MXZ-3C30NAHZ4,$6356.00,$6356.00,true,Each,false
Equipment,Mitsubishi,"",pbmat_6e8580545d9d46f09bf727ce407ba13a,MXZ-3C30NAHZ4,"Multi-split H2i (Mixed)

** Not eligible for the Greener Homes Grant
Brand: Mitsubishi
Outdoor model number: MXZ-3C30NAHZ4
Indoor model number(s): See materials
Heat Pump AHRI number: 209847185
Tonnage: 2.5
HSPF2: 10
SEER2: 18",MXZ-3C30NAHZ4,$6356.00,$6356.00,true,Each,false
Equipment,Moovair,"",pbmat_392a008366df4cc8a5d68865e73d5b2c,DMA18HOS20230E7,"Moovair Central-Moov 1.5 Ton (Ducted)

Brand: Moovair
Outdoor model number: DMA18HOS20230E7
Indoor model number(s): FMA18HIAHUU230X7
Heat Pump AHRI number: 207764688
Tonnage: 1.5
HSPF: 11.00
SEER: 20.00",DMA18HOS20230E7,$1499.40,$1499.40,true,Each,false
Equipment,Moovair,"",pbmat_9c670fb8b13a4bbaae052520e3dbbf83,DMA24HOS20230E7,"Moovair Central-Moov 2 Ton (Ducted)

Brand: Moovair
Outdoor model number: DMA24HOS20230E7
Indoor model number(s): FMA24HIAHUU230X7
Heat Pump AHRI number: 207706559
Tonnage: 2
HSPF: 12
SEER: 20",DMA24HOS20230E7,$1871.10,$1871.10,true,Each,false
Equipment,Moovair,"",pbmat_424d4c1be4dd4312a10a6e1d96300c21,DMA30HOS20230E7,"Moovair Central-Moov 2.5 Ton (Ducted)

Brand: Moovair
Outdoor model number: DMA30HOS20230E7
Indoor model number(s): FMA30HIAHUU230X7
Heat Pump AHRI number: 207706560
Tonnage: 2.5
HSPF: 10.50
SEER: 18.00",DMA30HOS20230E7,$2291.85,$2291.85,true,Each,false
Equipment,Moovair,"",pbmat_ccebb1c909cf492c9418c2d71d00995b,DMA36HOS20230E7,"Moovair Central-Moov 3 Ton (Ducted)

Brand: Moovair
Outdoor model number: DMA36HOS20230E7
Indoor model number(s): FMA36HIAHUU230X7
Heat Pump AHRI number: 207706561
Tonnage: 3
HSPF: 10.50
SEER: 18.00",DMA36HOS20230E7,$2987.10,$2987.10,true,Each,false
Equipment,Moovair,"",pbmat_368810fae2ce4cbeb55af6e69ce991a5,DMA48HOS20230E7,"Moovair Central-Moov 4 Ton (Ducted)

Brand: Moovair
Outdoor model number: DMA48HOS20230E7
Indoor model number(s): FMA48HIAHUU230X7
Heat Pump AHRI number: 207706562
Tonnage: 4
HSPF: 10.00
SEER: 16.00",DMA48HOS20230E7,$3419.10,$3419.10,true,Each,false
Equipment,Moovair,"",pbmat_bec9614b5f534b88a8e0e6e15f248244,FMA24HIAHUU230X7,Moovair Central-Moov air handler 2 Ton,FMA24HIAHUU230X7,$1440.45,$1440.45,true,Each,false
Equipment,Moovair,"",pbmat_5d3cd907b1a540b695d53c904033130f,FMA18HIAHUU230X7,Moovair Central-Moov air handler 1.5 Ton,FMA18HIAHUU230X7,$1412.10,$1412.10,true,Each,false
Equipment,Moovair,"",pbmat_0c82849dfd38450a8480db170c27e178,FMA30HIAHUU230X7,Moovair Central-Moov air handler 2.5 Ton,FMA30HIAHUU230X7,$1611.90,$1611.90,true,Each,false
Equipment,Moovair,"",pbmat_fcc8a29623054e5697d14f844fa199dd,FMA36HIAHUU230X7,Moovair Central-Moov air handler 3 Ton,FMA36HIAHUU230X7,$1683.90,$1683.90,true,Each,false
Equipment,Moovair,"",pbmat_e62388a232814e3b8a10807228c2e5aa,FMA48HIAHUU230X7,Moovair Central-Moov air handler 4 Ton,FMA48HIAHUU230X7,$1723.05,$1723.05,true,Each,false
Install,Mounting,"",pbmat_17f861b74fdb4fa8a5e3131d7de4395b,12050987,Oldcastle Patio Sidewalk 24X24 Inch Gray Patio stone,12050987,$21.40,$21.40,true,Each,false
Install,Mounting,"",pbmat_6a97586e325b4e23b96d3bf6aa9e55ee,QSMS1201,"Quick-Sling 12"" Outdoor unit stand",QSMS1201,$301.62,$301.62,true,Each,false
Install,Mounting,"",pbmat_eb909541eda44a599edde7ca2f94adf1,QSMS1801," Quick-Sling 18"" Outdoor unit stand",QSMS1801,$340.56,$340.56,true,Each,false
Install,Refrigerant piping,Copper tubing,pbmat_03fcbc7dfc6c40a38ac540718b716fc1,EZB14164,"Refrigerant tubing 1/4"" EZB black coated lineset",EZB14164,$452.54,$452.54,true,Each,false
Install,Refrigerant piping,Copper tubing,pbmat_8b6dad37bb984f7e828c140605aaafba,EZB12164,"Refrigerant tubing 1/2"" EZB black coated lineset",EZB12164,$853.92,$853.92,true,Each,false
Install,Refrigerant piping,Copper tubing,pbmat_1f0f948cdaf54f1baa59f65fc08aed68,EZB3450,"Refrigerant tubing 3/4"" x 50 EZB black coated lineset",EZB3450,$373.67,$373.67,true,Each,false
Install,Line set cover,"3.5"" ivory",pbmat_c644a45dbf9c434c99185727db5767a5,LCO92I,"3.5"" 90° Vertical Elbow Linset Cover Ivory",LCO92I,$27.49,$27.49,true,Each,false
Install,Line set cover,"3.5"" ivory",pbmat_7a6e911b572c4f019cb619a1471ccdb5,LKF92I,"3.5"" 45° Flat Elbow Lineset Cover Ivory",LKF92I,$23.72,$23.72,true,Each,false
Install,Line set cover,"3.5"" ivory",pbmat_0e02db42544545508747a10431454759,LW92I,"3-1/2"" Lineset Wall Inlet Ivory",LW92I,$19.36,$19.36,true,Each,false
Install,Line set cover,"3.5"" ivory",pbmat_53aa69481d874dffa711f52afe3d78a6,LP92I,"3.5"" Soffit Inlet Lineset Cover Ivory",LP92I,$22.33,$22.33,true,Each,false
Install,Line set cover,"3.5"" ivory",pbmat_31bc8446726b4a5a891cdf1a5e3f9050,LJ92I,"FORTRESS 3-1/2"" Lineset Coupler Ivory",LJ92I,$9.59,$9.59,true,Each,false
Install,Line set cover,"3.5"" ivory",pbmat_55bb73dce3274d90af324d7b12a64f04,LK92I,FORTRESS 90° Flat Elbow Ivory,LK92I,$18.15,$18.15,true,Each,false
Install,Line set cover,"3.5"" ivory",pbmat_a707d1dd99614608b708c36bd8d6405c,LEN92I,"FORTRESS 3-1/2"" Lineset Cover End Fitting Ivory",LEN92I,$10.58,$10.58,true,Each,false
Install,Line set cover,"3.5"" ivory",pbmat_0824ffeb56954c51954ebb8be19896b7,LD92I,"FORTRESS 3-1/2"" x 8' Lineset Cover Ivory",LD92I,$49.33,$49.33,true,Each,false
Install,Line set cover,"3.5"" ivory",pbmat_90e35b4718d54ec1914055c8842cdd23,LFJ92I,"3.5"" Flexible Lineset Adaptor Ivory",LFJ92I,$14.30,$14.30,true,Each,false
Install,Line set cover,"3.5"" ivory",pbmat_1096b6732aa34f18b86ffc9dd9ab56c6,LF92I,"3.5"" Flexible Elbow Lineset Cover Ivory",LF92I,$38.91,$38.91,true,Each,false
Install,Line set cover,"4.5"" ivory",pbmat_26fa611a2bde4cea8161170ba4d50eaf,LDR12292I,"Lineset cover 4.5"" to 3.5"" Reducer",LDR12292I,$15.94,$15.94,true,Each,false
Install,Line set cover,"3.5"" ivory",pbmat_42c3ca21bc194b44b5843a821164013c,LT92I,"3.5"" Lineset Cover Tee Ivory",LT92I,$34.94,$34.94,true,Each,false
Install,Line set cover,"4.5"" ivory",pbmat_10098e2a4633441c9bebce629c39400b,LT122I,"Lineset cover 4 1/2"" Tee 122 - Ivory",LT122I,$36.74,$36.74,true,Each,false
Install,Line set cover,"4.5"" ivory",pbmat_8848ad441ea84dce8066dc93c818ba4d,LCO122I,"Lineset cover 4.5"" 90° Outside Vertical Elbow Ivory",LCO122I,$27.78,$27.78,true,Each,false
Install,Line set cover,"4.5"" ivory",pbmat_063116648e9446fe8da079a5940d3bc9,LCI122I,"Lineset cover 122mm 4.5"" 90° Inside Vertical Elbow Ivory",LCI122I,$27.78,$27.78,true,Each,false
Install,Line set cover,"4.5"" ivory",pbmat_3f937439a29147df8629b06908305368,LK122I,"Lineset cover 122mm 4.5"" 90° Flat Elbow Ivory",LK122I,$20.60,$20.60,true,Each,false
Install,Line set cover,"4.5"" ivory",pbmat_897d2da3436540389c3199cddfe03458,LW122I,"Lineset cover 122mm 4.5"" Wall Inlet Ivory",LW122I,$20.45,$20.45,true,Each,false
Install,Line set cover,"4.5"" ivory",pbmat_4d0edc7974e74867bc1fb8e754c149ae,LD122I,"122mm 4.5"" Duct 8' Length Ivory",LD122I,$51.77,$51.77,true,Each,false
Install,Line set cover,"4.5"" ivory",pbmat_fa611803f6cd40efaeb4e88f9e7fb084,LJ122I,Valve with hose connection for boiler drain,LJ122I,$7.96,$7.96,true,Each,false
Install,Line set cover,"4.5"" ivory",pbmat_59285fcb6659437cb92c02091f672935,LEN122I,"Lineset cover 122mm 4.5"" End Fitting Ivory",LEN122I,$11.29,$11.29,true,Each,false
Install,Line set cover,"3.5"" white",pbmat_472cab70ad524f8d86ccacf03f8260f2,LKF92W,"FORTRESS 3-1/2"" 45° Flat Elbow Lineset Cover White",LKF92W,$23.49,$23.49,true,Each,false
Install,Line set cover,"3.5"" white",pbmat_bbfd9f629e6d4553954b490c45520e55,LP92W,"FORTRESS 92mm 3-1/2"" Soffit Inlet White",LP92W,$22.12,$22.12,true,Each,false
Install,Line set cover,"3.5"" white",pbmat_83fedefa8df04d4faab6bd506a1e52dd,LJ92W,"FORTRESS 92mm 3-1/2"" Coupler White",LJ92W,$8.71,$8.71,true,Each,false
Install,Line set cover,"3.5"" white",pbmat_0988b06361874b6faee22c3724b437cd,LCI92W,"FORTRESS 92mm 3-1/2"" 90° Inside Vertical Elbow White",LCI92W,$26.44,$26.44,true,Each,false
Install,Line set cover,"3.5"" white",pbmat_3f69558ecbd644a0939549bae753deff,LCO92W,"FORTRESS 3-1/2"" 90° Outside Vertical Elbow Lineset Cover",LCO92W,$26.18,$26.18,true,Each,false
Install,Line set cover,"3.5"" white",pbmat_259a994f43f049f1b1eab7f97ec2d0f3,LK92W,"FORTRESS 92mm 3-1/2"" 90° Flat Elbow White",LK92W,$19.23,$19.23,true,Each,false
Install,Line set cover,"3.5"" white",pbmat_4336afc172d242fcb570482399d455b3,LEN92W,"FORTRESS 92mm 3-1/2"" End Fitting White",LEN92W,$10.48,$10.48,true,Each,false
Install,Line set cover,"3.5"" white",pbmat_0e348a2cf4e94a9297701df4321e8262,LW92W,"FORTRESS 92mm 3-1/2"" Wall Inlet White",LW92W,$19.17,$19.17,true,Each,false
Install,Line set cover,"3.5"" white",pbmat_febdc0770da24dc09fd38ac8859b7997,LD92W,"FORTRESS 92mm 3-1/2"" x 8' Duct White",LD92W,$48.86,$48.86,true,Each,false
Install,Line set cover,"3.5"" white",pbmat_36195c5d675142c5a3a3872df6121bff,LF92W,"3.5"" Flexible Elbow Lineset Cover White",LF92W,$41.23,$41.23,true,Each,false
Install,Line set cover,"3.5"" white",pbmat_98c1f13c67194440a136af8bc18450a0,LFJ92W,"3.5"" Flexible Elbow Adaptor Lineset Cover White",LFJ92W,$14.97,$14.97,true,Each,false
Install,Line set cover,"3.5"" white",pbmat_d0edffa417134dad8ec5c99f4aecfda4,LT92W,"3.5"" Lineset Cover Tee White",LT92W,$34.94,$34.94,true,Each,false
Install,Line set cover,"4.5"" white",pbmat_09ea3a97e9894d17933340f37a630754,LDR12292W,"Lineset cover 4.5""-3.5"" Lineset Reducer White",LDR12292W,$15.94,$15.94,true,Each,false
Install,Line set cover,"4.5"" white",pbmat_8561902f45ae43f18500acb0df703b1c,LFJ122W,"Lineset cover 4.5"" Lineset Flexible Adaptor White",LFJ122W,$13.28,$13.28,true,Each,false
Install,Line set cover,"4.5"" white",pbmat_41ed9fea1bc8416996662d83e6ea2241,LF122W,"Lineset cover 4.5"" Flexible Elbow White",LF122W,$43.75,$43.75,true,Each,false
Install,Line set cover,"4.5"" white",pbmat_bdd93071dd504fcea355875642b93836,LKF122W,"Lineset cover 122mm 4.5"" 45° Flat Elbow White",LKF122W,$24.71,$24.71,true,Each,false
Install,Line set cover,"4.5"" white",pbmat_9a341aca9e6c41bfba1b780f47f3e926,LJ122W,"Lineset cover FORTRESS 4-1/2"" Coupler White",LJ122W,$7.96,$7.96,true,Each,false
Install,Line set cover,"4.5"" white",pbmat_408f76c65d7148339bb1e448b023cd47,LD122W,"Lineset cover FORTRESS 122mm 4-1/2"" x 8' Duct White",LD122W,$51.77,$51.77,true,Each,false
Install,Line set cover,"4.5"" white",pbmat_a5bb966f72004fd78395092f826259a6,LK122W,"Lineset cover 122mm 4.5"" 90° Flat Elbow White",LK122W,$20.42,$20.42,true,Each,false
Install,Line set cover,"4.5"" white",pbmat_7838b8c4e920458582b56c3f84d55e5f,LW122W,"Lineset cover FORTRESS 122mm 4-1/2"" Wall Inlet White",LW122W,$20.27,$20.27,true,Each,false
Install,Line set cover,"4.5"" white",pbmat_2807a9595369443f80524a6bac4f79f3,LEN122W,"Lineset cover 4.5"" Termination White",LEN122W,$11.09,$11.09,true,Each,false
Install,Line set cover,"4.5"" white",pbmat_97b8de50e53346c8a68e7b1900083d6c,LP122W,"Lineset cover 122mm 4.5"" Soffit Inlet White",LP122W,$23.51,$23.51,true,Each,false
Install,Air quality,"",pbmat_c33ec09fcdf04b0b967ee98515446187,EAFB2832M8,"Perfect Platform Media Air Cleaner w/Turning Vane 28"" X 32""",EAFB2832M8,$203.84,$203.84,true,Each,false
Install,Air quality,"",pbmat_f591b975b80346cf82422c546fad9323,EAFB2843M8,"Perfect Platform Media Air Cleaner w/Turning Vane 28"" X 43""",EAFB2843M8,$235.94,$235.94,true,Each,false
Install,Air quality,"",pbmat_93991d5428964238afa80f354925f5a2,EAFB2232M2,"Perfect Platform Media Air Cleaner with Turning Vane 22"" x 32""",EAFB2232M2,$194.21,$194.21,true,Each,false
Install,Air quality,"",pbmat_1ea549ba5fe741298d9d82e3505bcbd7,EAFB2240M8,"Perfect Platform Media Air Cleaner with Turning Vane 22"" x 40""",EAFB2240M8,$220.96,$220.96,true,Each,false
Install,Refrigerant piping,Copper tubing,pbmat_26399473a0ad4d2892c480a440fe7a9b,TUBT38,"Refrigerant tubing 3/8"" soft coil",TUBT38,$104.68,$104.68,true,Each,false
Install,Electrical,"",pbmat_7ffd3aa8a65b4b82846286d54ebf5137,34314041,14/4C Connecting wire 600V  x 75 Meters,34314041,$1.67,$1.67,true,per foot,false
Install,Electrical,"",pbmat_a04b003e358649cfb9fad719a366414e,LVT188,"18/8, 8 Conductor Thermostat Wire, 18-Gauge Solid Copper",LVT188,$1.02,$1.02,true,per foot,false
Install,Electrical,"",pbmat_d15e9700200f4ce5a6f8f6b0b844d0e1,LVT182,"18/2, 2 Conductor Thermostat Wire, 18-Gauge Solid Copper",LVT182,$0.30,$0.30,true,per foot,false
Install,Electrical,"",pbmat_12ccd61bfaa24b0e85e800353aa20abc,84118,"1/2"" x 100' Non-Metallic Liquid Tight Conduit",84118,$1.07,$1.07,true,per foot,false
Install,Electrical,"",pbmat_c34e2aae4a0546e0b2e9da3eb78ac78b,84119,"3/4"" x 100' Non-Metallic Liquid Tight Conduit",84119,$1.54,$1.54,true,per foot,false
Install,Electrical,"",pbmat_00c80bb108e94e77a36dca6899f2eb1a,85017,"3/4"" Liquid tight PVC Straight Connector",85017,$2.19,$2.19,true,Each,false
Install,Electrical,"",pbmat_4d0ea3f11f3846efbbb9bcff3d158856,85021,"3/4"" Liquid-Tight PVC 90L Connector",85021,$3.18,$3.18,true,Each,false
Install,Electrical,"",pbmat_f23f3380d71d4f7383d2c28ca00c6d39,85020,"1/2"" Liquid Tight PVC Flexible Non Metallic 90° Connector",85020,$2.51,$2.51,true,Each,false
Install,Electrical,"",pbmat_c9e00902529c40aa8f2394e49337f9ef,85016,"1/2"" Flexible Liquid Tight PVC Straight Connector ",85016,$1.64,$1.64,true,Each,false
Install,Electrical,"",pbmat_e7ee8793c0ce43d795ae102163d62b65,6346NM,"DiversiWhip, Non-Metallic, 3/4 in Diameter, 6 ft Length, 8 AWG Wire, Gray, Domestic",6346NM,$51.25,$51.25,true,Each,false
Install,Electrical,"",pbmat_679207d16a2c433a85aa222d0ab48782,6126NM,"DiversiWhip, Non-Metallic, 1/2 in Diameter, 6 ft Length, 10 AWG Wire, Domestic",6126NM,$38.06,$38.06,true,Each,false
Equipment,Mitsubishi,"",pbmat_865b3c859cd6435092519b342f8409a3,PAR-40MAAU,Standard wall thermostat,PAR-40MAAU,$307.30,$307.30,true,Each,false
Install,Drainage,Pipe and fittings,pbmat_54a716a41ead445e914d4362a336195c,5410007,"Drain fitting - 3/4"" PVC Sch40 Slip x MPT 90º Street Elbow",5410007,$2.29,$2.29,true,Each,false
Install,Drainage,Pipe and fittings,pbmat_97105c5dc11d4c1f9e5fb52961775108,5429007,"Drain fitting - 3/4"" PVC Sch40 Coupling",5429007,$0.60,$0.60,true,Each,false
Install,Drainage,Pipe and fittings,pbmat_283e0548a7c8448ca9c48e6b01df736a,5401007,"Drain fitting - 3/4"" PVC Sch40 Tee",5401007,$0.90,$0.90,true,Each,false
Install,Drainage,Pipe and fittings,pbmat_05ff7c68141c4b1f95cab28545ea200c,5457007,"Drain fittings - Alltemp PVC Union, 3/4"" x 3/4""",5457007,$5.94,$5.94,true,Each,false
Install,Drainage,Pipe and fittings,pbmat_11c118ae954a40f38c49bbb157cb0276,5417007,"Drain fitting - 3/4"" x 45° PVC Sch40 Elbow",5417007,$0.64,$0.64,true,Each,false
Install,Drainage,Pipe and fittings,pbmat_b7b4503b91d648dda736dc824a74eaf8,5436007,"Drain fitting - 3/4"" PVC Sch40 Male Adapter",5436007,$0.64,$0.64,true,Each,false
Install,Drainage,Pipe and fittings,pbmat_17ff7ddebe65475a9604bad0f8dbdb37,5401,"Drain pipe PIPE 10' X 3/4"" PVC",5401,$13.51,$13.51,true,Each,false
Install,Drainage,Pipe and fittings,pbmat_d31603621b514679917b3ce804521c13,5406007,"Drain fitting - 3/4"" x 90° PVC Sch40 Elbow",5406007,$0.73,$0.73,true,Each,false
Install,Drainage,Pipe and fittings,pbmat_67a80491d1fd444baad1958fc8cde80a,230DL1620,"Drain tubing - Mini-Split DL, 5/8in. ID - 20ft",230DL1620,$34.90,$34.90,true,per foot,false
Equipment,Mitsubishi,"",pbmat_b769112a07fe4bbea5ccc5e06ca77b32,MSZ-FS06NA,Wall-mounted ductless indoor unit,MSZ-FS06NA,$766.40,$766.40,true,Each,false
Equipment,Mitsubishi,"",pbmat_c339d06cd7644507ad08327083a8474a,MSZ-FS09NA,Wall-mounted ductless indoor unit,MSZ-FS09NA,$783.20,$783.20,true,Each,false
Equipment,Mitsubishi,"",pbmat_cac8896c27a640978e889d65f2f433e2,MSZ-FS12NA,Wall-mounted ductless indoor unit,MSZ-FS12NA,$902.40,$902.40,true,Each,false
Equipment,Mitsubishi,"",pbmat_c62c80aa6ac14775bafefa80e75916a1,MSZ-FS15NA,Wall-mounted ductless indoor unit,MSZ-FS15NA,$966.40,$966.40,true,Each,false
Equipment,Mitsubishi,"",pbmat_b028c3ad2a7a4ac4a8317bff2cc16b18,MSZ-FS18NA,Wall-mounted ductless indoor unit,MSZ-FS18NA,$1031.20,$1031.20,true,Each,false
Equipment,Mitsubishi,"",pbmat_03ef356975db4a1d899d1a5f4902d34c,MFZ-KJ09NA-U1,Low wall indoor ductless indoor unit,MFZ-KJ09NA-U1,$1632.80,$1632.80,true,Each,false
Equipment,Mitsubishi,"",pbmat_1bff3f1674434f7e9bf7e9c12b15266e,MFZ-KJ12NA2-U1,Low wall indoor ductless indoor unit,MFZ-KJ12NA2-U1,$1888.00,$1888.00,true,Each,false
Equipment,Mitsubishi,"",pbmat_d752aa57361047f49ef8d1b8382c0ca2,MFZ-KJ15NA-U1,Low wall indoor ductless indoor unit,MFZ-KJ15NA-U1,$2106.40,$2106.40,true,Each,false
Equipment,Mitsubishi,"",pbmat_a70bb3867c3b4687b7c30317154128ee,MFZ-KJ18NA-U1,Low wall indoor ductless indoor unit,MFZ-KJ18NA-U1,$2397.60,$2397.60,true,Each,false
Equipment,Mitsubishi,"",pbmat_f67231777214418eb17762d19f4b3889,MSDD-50AR-E,"Branch pipe (Flare)
Required to join more than one branch box",MSDD-50AR-E,$178.05,$178.05,true,Each,false
Equipment,Mitsubishi,"",pbmat_441ffd2881c445bc8394082e90d1fff7,PAC-MKA32BC," 3 port branch box
Required for Mitsubishi multi-splits MXZ-4C36NAHZ, MXZ-5C42NAHZ, MXZ-8C48NAHZ",PAC-MKA32BC,$773.82,$773.82,true,Each,false
Equipment,Mitsubishi,"",pbmat_6d31cf78e65045efab056aaf1c6e8cd2,SVZ-KP12NA,Multi-positional ducted indoor unit,SVZ-KP12NA,$2071.20,$2071.20,true,Each,false
Equipment,Mitsubishi,"",pbmat_24a01965342e432a828a8fde416291da,SVZ-KP18NA,Multi-positional ducted indoor unit,SVZ-KP18NA,$2132.80,$2132.80,true,Each,false
Equipment,Mitsubishi,"",pbmat_f019938eba874a65a5041a03aba8d566,SVZ-KP24NA,Multi-positional ducted indoor unit,SVZ-KP24NA,$2242.40,$2242.40,true,Each,false
Equipment,Mitsubishi,"",pbmat_19bb1f937da1473c8731216fdd45b3d8,PAC-YT53CRAU-J,Simple wall thermostat,PAC-YT53CRAU-J,$230.26,$230.26,true,Each,false
Equipment,Mitsubishi,"",pbmat_3d4286fdd18f4bb388521846f9aaffc0,PAR-CT01MAU-SB,Touchscreen wall thermostat,PAR-CT01MAU-SB,$363.80,$363.80,true,Each,false
Equipment,Mitsubishi,"",pbmat_6564766f92b6458ab92c257726e598e8,PAC-MKA52BC,"5 port branch box
Required for Mitsubishi multi-splits MXZ-4C36NAHZ, MXZ-5C42NAHZ, MXZ-8C48NAHZ",PAC-MKA52BC,$1054.59,$1054.59,true,Each,false
Install,Refrigerant piping,Accessories,pbmat_4766f63161d54ca5994de101e1c45f61,44002,"Wall sleeve Round Wall Thermo-Thimble Kit 2-7/8"" dia.",44002,$29.05,$29.05,true,Each,false
Install,Refrigerant piping,Accessories,pbmat_cf373e725c264220b44297a7f1e9670d,41118,"Lineset supports Thermo-Snap (10 BAG) 1-1/2"" Mounting Bracket",41118,$12.83,$12.83,true,Each,false
Install,Line set cover,"4.5"" ivory",pbmat_0725cb12864d4d5caf362de8698d21df,LP122I,"Lineset cover 122mm 4.5"" Soffit Inlet Ivory",LP122I,$23.51,$23.51,true,Each,false
Install,Flue,"",pbmat_5f689fa010bb419db4d549f1ae12d606,194000,"Vent pipe - Ipex PVC Gas Vent Pipe, 2"" x 10', 65°C",194000,$43.18,$43.18,true,Each,false
Install,Flue,"",pbmat_2fccdfe7f64d47a6a47e93a030810826,196453," Ipex System 636 PVC Flue Gas Vent Deep Socket Coupling, 2""",196453,$6.20,$6.20,true,Each,false
Install,Air quality,"",pbmat_7ffdd92cf35c417d963b289e9a733f66,HM750A1000,HM750 Honeywell Advanced Electrode Humidifier with Humidi Pro and Replacement Cylinder,HM750A1000,$1114.94,$1114.94,true,Each,false
Install,Cylinders,"",pbmat_4e03a37b7f474a1dbbe10f4330742d68,AZ20113REF,R410A Refrigerant for air conditioning and heat pump systems,AZ20113REF,$19.70,$19.70,true,per pound,false
Install,Cylinders,"",pbmat_a4ca02cc45f64327855072f3e03bd078,R407C113REF,R407C Refrigerant for air conditioning and heat pump systems (replacement for R22),R407C113REF,$19.62,$19.62,true,per pound,false
Repair,"","",pbmat_ab46ce4e3f074d3ab0e6bb30e09ce07c,FP0110,Spark igniter,FP0110,$53.32,$53.32,true,Each,false
Repair,"","",pbmat_1fa5c41197d543298bc5839568afca34,972KIT,"Leak stop, DRY R, FLASH UV dye, 1.5-5 Tons -  Super Seal Total",972KIT,$127.83,$127.83,true,Each,false
Install,Air quality,"",pbmat_3084f4cfeedd47ab8e581028991c0c82,EAMU2020A,"ElectroAir Whole House High Efficiency Media Air Cleaner MERV 11 20"" X 20"" Duct Size 1400 CFM",EAMU2020A,$108.61,$108.61,true,Each,false
Install,Mounting,"",pbmat_625044d1d6bf456b84f7ab943452f7a2,CXP,"RUBBER ROOF BLOCK, DURABLOCK",CXP,$19.87,$19.87,true,Each,false
Install,Mounting,"",pbmat_a7035e32d82e42feae0a58b6cc094a2c,TS1HSPG,SMALL SLOTTED CHANNEL 10' 12 Ga.,TS1HSPG,$52.18,$52.18,true,Each,false
Install,Ductwork,Misc fittings,pbmat_39b24aba11924493981fd07c038df7d8,CUSTOMFITTING,Custom-made sheet metal ductwork fitting,CUSTOMFITTING,$85.60,$85.60,true,Each,false
Install,Miscellaneous,"",pbmat_c98f4f8e4e514a4fbf3fccd8301b9dd6,TRUCKSTOCK200,"Small truck stock items such as fasteners, wiring conduits and connectors, drain fittings, pipe straps, tapes, insulation, glues, sealants, spray foam, nitrogen pressure tests, nitrogen purging, brazing materials, etc.",TRUCKSTOCK200,$200.00,$200.00,true,Each,false
Install,Gas ,"",pbmat_03032d9faeec474c814fa99270fbf0bf,9566771,This is the appliance reg. GR400 1/2 2# 7-11 WC REG,9566771,$24.09,$24.09,true,Each,false
Install,Gas ,"",pbmat_3643c251eb284f89ab94653d94d937ed,9567228,"Western NG Oara R9060G339-AN Regulator 1/2"" 2 PSI 7.00-11.00"" WC F/NG",9567228,$34.40,$34.40,true,Each,false
Install,Gas ,"",pbmat_b8d0b47571484f34a21c3cfeb4274c46,GASTUBE58,"Soft Gas Tubing, 5/8"" x 50' Roll",GASTUBE58,$5.30,$5.30,true,per foot,false
Install,Gas ,"",pbmat_4980a3e3657f4efab580b262f4380345,9560500,GSB101 1/2 MxF GAS OUTLET BOX,9560500,$80.84,$80.84,true,Each,false
Repair,"","",pbmat_2e2dddb461674b86a97d84006b2e3573,HC21ZS122,Inducer Motor,HC21ZS122,$81.37,$81.37,true,Each,false
Install,Electrical,"",pbmat_6466c3baa0184d269295fc6d516bbb19,35918025,18/2 SHIELDED CABLE GREY (1000' BOX ) SOLD/FOOT,35918025,$0.60,$0.60,true,per foot,false
Equipment,Mitsubishi,"",pbmat_b5cef54c9d8f4e799483978a94e4cb10,EH10-MPA-LB,"Electric supplemental heater
Zuba EH10-MPA-LB (PVA-A36/42)",EH10-MPA-LB,$1184.70,$1184.70,true,Each,false
Equipment,Fujitsu,"",pbmat_a6fa739f2e0e4876866440c7d63407f1,AOUH30LUAH1,"Fujitsu H-Series XLTH mini split outdoor unit 30,000 BTU

Brand: Fujitsu
Outdoor model number: AOUH30LUAH1
Indoor model number(s): AMUG30LMAS
Heat Pump AHRI number: 207657376
Tonnage: 2.5
HSPF: 10.50
SEER: 19.10",AOUH30LUAH1,$4908.00,$4908.00,true,Each,false
Equipment,Fujitsu,"",pbmat_079b6bd46681432eace3f0fea5800866,AOUH36LMAH1,"Infinite Comfort Series XLTH Outdoor 36,000 btu

Brand: Fujitsu
Outdoor model number: AOUH36LMAH1
Indoor model number(s): AMUG36LMAS
Heat Pump AHRI number: 207657377
Tonnage: 3
HSPF: 17.30
SEER: 11.00",AOUH36LMAH1,$5690.40,$5690.40,true,Each,false
Equipment,Fujitsu,"",pbmat_9496e3b746614fe6a78671bddc75dfdc,AOUH48LMAH1," Infinite Comfort Series XLTH Outdoor 48,000 btu

Brand: Fujitsu
Outdoor model number: AOUH48LMAH1
Indoor model number(s): AMUG48LMAS
Heat Pump AHRI number: 207657378
Tonnage: 4
HSPF: 10.20
SEER: 16.30",AOUH48LMAH1,$6717.60,$6717.60,true,Each,false
Equipment,Fujitsu,"",pbmat_634dd756e63e41b8a799a5619de3085c,AMUG30LMAS,"Airstage H-Series air handler 30,000 btu",AMUG30LMAS,$2939.52,$2939.52,true,Each,false
Equipment,Fujitsu,"",pbmat_f0569300c0ea4fb8801aa491dad7fd00,AMUG36LMAS,"Airstage H-Series air handler 36,000 btu",AMUG36LMAS,$3020.16,$3020.16,true,Each,false
Equipment,Fujitsu,"",pbmat_5387b0f0413a4bf1a7c8ad3e9e36651e,AMUG48LMAS,"Airstage H-Series air handler 48,000 btu",AMUG48LMAS,$3944.16,$3944.16,true,Each,false
Equipment,Fujitsu,"",pbmat_200544f3b70446dfb9371ba22b7f1e50,RXBH1724A05J,Airstage H-Series AMUG 5 kW supplemental electric strip heater,RXBH1724A05J,$125.83,$125.83,true,Each,false
Equipment,Fujitsu,"",pbmat_b568ffe36b674a63a9a7e260def005d4,RXBH1724A07J,Airstage H-Series AMUG 7 kW supplemental electric strip heater,RXBH1724A07J,$161.27,$161.27,true,Each,false
Equipment,Fujitsu,"",pbmat_2f59cc518c26474294cd4d92ebc6704a,RXBH1724A10J,Airstage H-Series AMUG 10 kW supplemental electric strip heater,RXBH1724A10J,$166.41,$166.41,true,Each,false
Equipment,Moovair,"",pbmat_2b7b74869d8c45e3b276e9fb6c9d9adc,EAH05BUL,"Moovair 5 kW Auxillary Heater
Compatible with FMA18, FMA24, FMA30, FMA36",EAH05BUL,$193.67,$193.67,true,Each,false
Equipment,Moovair,"",pbmat_6f2541533fe4492e9d494643855b8848,EAH10BUL,"Moovair 10 kW Auxillary Heater
Compatible with FMA18, FMA24, FMA30, FMA36, FMA48, FMA60",EAH10BUL,$274.46,$274.46,true,Each,false
Equipment,Moovair,"",pbmat_00589de18f2740818312bc8f730ad3a5,EAH15BUL,"Moovair 15 kW Auxillary Heater
Compatible with FMA24, FMA30, FMA36, FMA48, FMA60",EAH15BUL,$432.28,$432.28,true,Each,false
Equipment,Moovair,"",pbmat_13c3f186ddf74054a579efcfbe07c781,EAH20BUL,"Moovair 20 kW Auxillary Heater
Compatible with FMA36, FMA48, FMA60",EAH20BUL,$513.07,$513.07,true,Each,false
Equipment,Fujitsu,"",pbmat_91251138326948d2b9089e1c254f554b,UTY-RNRUZ5,Fujitsu wired remote controller,UTY-RNRUZ5,$385.72,$385.72,true,Each,false
Equipment,Mitsubishi,"",pbmat_afeef32583a54a9eabb9528183ac46d8,MUZ-FH06NAH,"Single-split H2i

Brand: Mitsubishi
Outdoor model number: MUZ-FH06NAH
Indoor model number(s): MSZ-FH06NA**
Heat Pump AHRI number: 201754427
Tonnage: 0.5
HSPF: 12.50
SEER: 33.10",MUZ-FH06NAH,$1577.61,$1577.61,true,Each,false
Equipment,Mitsubishi,"",pbmat_b6b48edd2e87438aa2a605e586e8bbc0,MUZ-FH09NAH,"Single-split H2i

Confirm they are series 2 before sending the estimate
Brand: Mitsubishi
Outdoor model number: MUZ-FH09NAH
Indoor model number(s): MSZ-FH09NA**
Heat Pump AHRI number: 201754297
Tonnage: 0.75
HSPF: 12.50
SEER: 30.50",MUZ-FH09NAH,$1721.41,$1721.41,true,Each,false
Equipment,Mitsubishi,"",pbmat_feb052b37dfb44e2961a568715d67787,MUZ-FH12NAH,"Single-split H2i

Brand: Mitsubishi
Outdoor model number: MUZ-FH12NAH
Indoor model number(s): MSZ-FH12NA**
Heat Pump AHRI number: 201754299
Tonnage: 0.5
HSPF: 11.50
SEER: 26.10",MUZ-FH12NAH,$2002.18,$2002.18,true,Each,false
Equipment,Mitsubishi,"",pbmat_b8320441ecc743eeaebffc68fe94e08b,MUZ-FH15NAH,"Single-split H2i

Brand: Mitsubishi
Outdoor model number: MUZ-FH15NAH
Indoor model number(s): MSZ-FH15NA
Heat Pump AHRI number: 201754301
Tonnage: 1.25
HSPF: 11.00
SEER: 22.00",MUZ-FH15NAH,$2222.18,$2222.18,true,Each,false
Equipment,Mitsubishi,"",pbmat_9ea198f56eb0482591abcfee7a6d5185,MUZ-FH18NAH2,"Single-split H2i

Brand: Mitsubishi
Outdoor model number: MUZ-FH18NAH2
Indoor model number(s): MSZ-FH18NA**
Heat Pump AHRI number: 201754303
Tonnage: 1.5
HSPF: 11.00
SEER: 21.00",MUZ-FH18NAH2,$2688.70,$2688.70,true,Each,false
Equipment,Fujitsu,"",pbmat_b0498ca119ca44c6aef34347b7ea8efa,AOU36RLXFZH,"Airstage multi split 36,000 btu (Non-ducted)

Brand: Fujitsu
Outdoor model number: AOU36RLXFZH
Indoor model number(s): See materials
Heat Pump AHRI number: 8908615
Tonnage: 3
HSPF: 10.30
SEER: 20.00",AOU36RLXFZH,$5061.60,$5061.60,true,Each,false
Equipment,Fujitsu,"",pbmat_c87e99ef7d3b45af8d0162db596ec917,ASUH15LPAS,"Fujitsu high wall indoor unit 15,000 btu",ASUH15LPAS,$956.16,$956.16,true,Each,false
Equipment,Fujitsu,"",pbmat_cc6ed0b809244711858b75f0157dba00,ASUH09LPAS,"Fujitsu high wall indoor unit 9,000 btu",ASUH09LPAS,$676.32,$676.32,true,Each,false
Repair,"","",pbmat_7e6b5198ee744aedb5d394dbcf476c35,Q370A1014,Universal thermocouple,Q370A1014,$94.19,$94.19,true,Each,false
Repair,"","",pbmat_cff9711861dc4e40b117c52be0ff9149,HO6E-36,Thermocouple - 36' Thermocouple,HO6E-36,$27.45,$27.45,true,Each,false
Equipment,Fujitsu,"",pbmat_c14c5b9e229e41c4bb64dd63f5540d65,UTYTFSXH4,Ductless WiFi interface module for smart device control,UTYTFSXH4,$168.46,$168.46,true,Each,false
Equipment,Fujitsu,"",pbmat_4ff25a4838324fffa1fee28ae3163e88,ASUH12LPAS,"Fujitsu high wall indoor unit 12,000 btu",ASUH12LPAS,$728.16,$728.16,true,Each,false
Equipment,Fujitsu,"",pbmat_7356e9f9cdf2478e95a389a5f637c87f,ASUH07LPAS,"Fujitsu high wall indoor unit 7,000 btu",ASUH07LPAS,$728.64,$728.64,true,Each,false
Equipment,Fujitsu,"",pbmat_9dfd70e61cfd4d1ab91fdcffb323ae92,AOU24RGLX,"Airstage H-Series mini split outdoor 24,000 btu

Brand: Fujitsu
Outdoor model number: AOU24RGLX
Indoor model number(s): AMUG24LMAS
Heat Pump AHRI number: 205123807
Tonnage: 2
HSPF: 10.70
SEER: 19.00",AOU24RGLX,$2835.36,$2835.36,true,Each,false
Equipment,Fujitsu,"",pbmat_35068a32b7d3477cae64d986d7ce7db9,AMUG24LMAS,"Airstage H-Series air handler 24,000 BTU",AMUG24LMAS,$2473.92,$2473.92,true,Each,false
Repair,"","",pbmat_f8fbef5a188649e6bd1c0a699f9d7a8f,GO1A-132,"36"" Millivolt generator",GO1A-132,$68.69,$68.69,true,Each,false
Repair,"","",pbmat_a9d398e782784e539e59cd0ef120c003,6601737,Gasket for fireplace glass,6601737,$14.09,$14.09,true,Each,false
Equipment,Fujitsu,"",pbmat_6259f9e16d5941dda285659ebd2aec65,AGU15RLF,"Fujitsu floor console indoor unit 15,000 btu",AGU15RLF,$1358.40,$1358.40,true,Each,false
Equipment,Fujitsu,"",pbmat_74c5ec2386314fba80464eee55a3c650,ADUH07LUAS1,"Fujitsu slim duct indoor unit 7,000 btu",ADUH07LUAS1,$916.80,$916.80,true,Each,false
Equipment,Fujitsu,"",pbmat_5bdf145f58fc438caafef9c8d9fdda72,ADUH09LUAS1,"Fujitsu slim duct indoor unit 9,000 btu",ADUH09LUAS1,$1107.36,$1107.36,true,Each,false
Equipment,Mitsubishi,"",pbmat_0caf26a7bebb4c3f8177059e978cbca8,RMF-CA100-V1,"Interface Module

Allows connection of North American thermostat with Mitsubishi ducted Air Handlers. Requires transformer.",RMF-CA100-V1,$440.84,$440.84,true,Each,false
Install,Refrigerant piping,Accessories,pbmat_f61923e9c83f488d8677efd1c0484d93,41125,"Lineset supports Thermo-Snap (5 BAG) 2"" Mounting Bracket",41125,$16.47,$16.47,true,Each,false
Install,Drainage,Condensate pumps,pbmat_8b0cebc7b5c2438e890893c3fcb7cb3c,CP22LP,DiversiTech 120 VAC Low Profile Condensate Pump with 22' Lift,CP22LP,$122.33,$122.33,true,Each,false
Install,Air quality,"",pbmat_7efd75bc285549838407f31bed164a89,EAMU1625A,"ElectroAir Whole House High Efficiency Media Air Cleaner MERV 11 16"" X 25""",EAMU1625A,$102.72,$102.72,true,Each,false
Install,Electrical,"",pbmat_00e191f6bd8e45428ff22601d3cd054d,96415,RSH 50 Rectorseal Surge Protective Device (SPD),96415,$98.69,$98.69,true,Each,false
Equipment,Moovair,"",pbmat_2d84c16dc7a64e468edd30ac77c0cf25,DMA12HOS25230E8,"Moovair 12,000 btu mini split outdoor",DMA12HOS25230E8,$1367.50,$1367.50,true,Each,false
Install,Mounting,"",pbmat_c8b4317919474290ac510779599f4acc,UC24243," UltraLite Lightweight Concrete Equipment Pad 24"" x 24"" x 3""",UC24243,$43.98,$43.98,true,Each,false
Install,Drainage,Pipe and fittings,pbmat_7cd71cf5eb3a4d45965b3fe4d629e1a3,738P,"Vinyl tube - Gorilla Tube™ 3/8"" ID x 100ft",738P,$62.61,$62.61,true,Each,false
Equipment,Fujitsu,"",pbmat_0ec4e1e17d554a5fbcf95ddf19880fe0,AOU18RLXFZH,"Airstage multi split 18,000 btu (Non-ducted)

Brand: Fujitsu
Outdoor model number: AOU18RLXFZH
Indoor model number(s): See materials
Heat Pump AHRI number: 8033584
Tonnage: 1.5
HSPF2: 9.60
SEER2: 21.50",AOU18RLXFZH,$3094.56,$3094.56,true,Each,false
Install,Line set cover,"3.5"" brown (requires price update)",pbmat_b35d8d6471bd47c0aa32cbc8a689eff3,LCO92B,"Lineset cover - 3.5"" 90° Outside Verticle Elbow Lineset Cover Brown",LCO92B,$34.35,$34.35,true,Each,false
Install,Line set cover,"3.5"" brown (requires price update)",pbmat_b1653b30a98b4292ba10711942ebd41d,LKF92B,"Lineset cover - 3.5"" 45° Flat Elbow Linset Cover Brown",LKF92B,$30.91,$30.91,true,Each,false
Install,Line set cover,"3.5"" brown (requires price update)",pbmat_00811ca9d01348b990154e60632af890,LP92B,"Lineset cover - 3.5"" Soffit Inlet Lineset Cover Brown",LP92B,$29.20,$29.20,true,Each,false
Install,Line set cover,"3.5"" brown (requires price update)",pbmat_0e136cf22a0743d38e5a0b66c2001eec,LJ92B,"Lineset cover - 3.5"" Lineset Coupler Brown",LJ92B,$8.59,$8.59,true,Each,false
Install,Line set cover,"3.5"" brown (requires price update)",pbmat_e50d48a664824890aa7244de937789a2,LCI92B,"Lineset cover - 3.5"" 90° Inside Verticle Elbow Lineset Cover Brown",LCI92B,$30.91,$30.91,true,Each,false
Install,Line set cover,"3.5"" brown (requires price update)",pbmat_2a4b122628a747b2958e669ffc20f78b,LD92B,"Lineset cover - 3.5"" 7.5' Lineset Cover Brown",LD92B,$49.23,$49.23,true,Each,false
Install,Line set cover,"3.5"" brown (requires price update)",pbmat_67bbe8614aad4f569a2f19b75c5c00ea,LK92B,"Lineset cover - 3.5"" 90° Flat Elbow Lineset Cover Brown",LK92B,$22.33,$22.33,true,Each,false
Install,Line set cover,"3.5"" brown (requires price update)",pbmat_69503c7e2e224a94bb9fe9c5da40f493,LEN92B,"Lineset cover - 3.5"" Lineset End Fitting Brown",LEN92B,$12.59,$12.59,true,Each,false
Install,Line set cover,"3.5"" brown (requires price update)",pbmat_15e3854ad07c4fc6ad2501aa82057970,LW92B,"Lineset cover - 3.5"" Wall Inlet Lineset Cover Brown",LW92B,$22.33,$22.33,true,Each,false
Install,Line set cover,"3.5"" brown (requires price update)",pbmat_a87807b532d8440bbdb31db955ebdfa0,LF92B,"Lineset cover - 3.5"" Flexible Elbow Lineset Cover Brown",LF92B,$48.09,$48.09,true,Each,false
Install,Line set cover,"3.5"" brown (requires price update)",pbmat_1e692d93c9054eda94d4ea0da958cafa,LFJ92B,"Lineset cover - 3.5"" Flexible Lineset Adaptor Brown",LFJ92B,$14.32,$14.32,true,Each,false
Install,Line set cover,"3.5"" brown (requires price update)",pbmat_68cb784399f0417e8322f706b88707eb,LT92B,"Lineset cover - 3.5"" 92mm Tee Brown",LT92B,$40.65,$40.65,true,Each,false
Install,Line set cover,"4.5"" brown (requires price update)",pbmat_db8f7e010f6542bcb9c930bfede2b511,LCO112B,"Lineset cover -  4.5"" 90° Outside Verticle Elbow Lineset Cover Brown",LCO112B,$34.92,$34.92,true,Each,false
Install,Line set cover,"4.5"" brown (requires price update)",pbmat_5ccd100e309c4f31aeb9802916cbcbc4,LKF122B,"Lineset cover - 4.5"" 92mm 45° Flat Elbow Linset Cover Brown",LKF122B,$35.49,$35.49,true,Each,false
Install,Line set cover,"4.5"" brown (requires price update)",pbmat_a82807c52b5846bcb8b7a651abd0a7af,LP122B,"Lineset cover - 4.5"" 92mm Soffit Inlet Lineset Cover Brown",LP122B,$22.33,$22.33,true,Each,false
Install,Line set cover,"4.5"" brown (requires price update)",pbmat_042fc6ee025347f2bd8c9a5a40b92d18,LJ122B,"4.5"" Lineset Coupler Brown",LJ122B,$7.45,$7.45,true,Each,false
Install,Line set cover,"4.5"" brown (requires price update)",pbmat_a53081a8abac47898a77aa79c5efee93,LCI122B,"Lineset cover - 4.5"" 90° Inside Verticle Elbow Lineset Cover Brown",LCI122B,$26.33,$26.33,true,Each,false
Install,Line set cover,"4.5"" brown (requires price update)",pbmat_4f9cc7f6ceda45a0a1bc9ef7df324ac9,LD122B,"Lineset cover - 4.5"" 7.5' Lineset Cover Brown",LD122B,$64.11,$64.11,true,Each,false
Install,Line set cover,"4.5"" brown (requires price update)",pbmat_63eecba97ffb43e38243acd74ecb183f,LK122B,"Lineset cover - 4.5"" 90° Flat Elbow Lineset Cover Brown",LK122B,$29.20,$29.20,true,Each,false
Install,Line set cover,"4.5"" brown (requires price update)",pbmat_1d7967034d9a4d6cb11b98cd8a4c44ac,LEN122B,"Lineset cover - 4.5"" Lineset End Fitting Brown",LEN122B,$10.88,$10.88,true,Each,false
Install,Line set cover,"4.5"" brown (requires price update)",pbmat_bc911fea9cfb41e787212b83f5b0e73c,LW122B,"Lineset cover - 4.5"" Wall Inlet Lineset Cover Brown",LW122B,$29.20,$29.20,true,Each,false
Install,Line set cover,"4.5"" brown (requires price update)",pbmat_6ea3f593fba34397b05eacd9c7777846,LF122B,"Lineset cover 4.5"" Flexible Elbow Lineset Cover Brown",LF122B,$53.50,$53.50,true,Each,false
Install,Line set cover,"4.5"" brown (requires price update)",pbmat_c6b33b65eb2a4c608a7c746e3d3c1dcf,LFJ122B,"Lineset cover - 3.5"" Flexible Lineset Adaptor Brown",LFJ122B,$32.10,$32.10,true,Each,false
Install,Line set cover,"4.5"" brown (requires price update)",pbmat_95d0ca4ed6c7498f850fa377a09e97e1,LT122B,"Lineset cover - LT122B 4.5"" Tee Brown",LT122B,$52.67,$52.67,true,Each,false
Equipment,Mitsubishi,"",pbmat_7e4d0d887c724f4baa4a5ad8bf62ed90,MXZ-3C24NAHZ4,"Multi-split H2i (Mixed)

** Not eligible for the Greener Homes Grant
Brand: Mitsubishi
Outdoor model number: MXZ-3C24NAHZ4
Indoor model number(s): See materials
Heat Pump AHRI number: 209847184
Tonnage: 2
HSPF2: 9.30
SEER2: 17.30",MXZ-3C24NAHZ4,$6264.00,$6264.00,true,Each,false
Install,Refrigerant piping,Accessories,pbmat_fe8c0582a78c41e7951706a9d46363fe,4300-09,Refrigerant pipe cleaner Nu-Calgon Rx11® Flush 1 lb. (3 - 4 Tons),4300-09,$99.23,$99.23,true,Each,false
Equipment,Fujitsu,"",pbmat_ea69290b65a34b4682928a7bcf517501,AOU24RLXFZH,"Airstage multi split 24,000 btu (Non-ducted)

Brand: Fujitsu
Outdoor model number: AOU24RLXFZH
Indoor model number(s): See materials
Heat Pump AHRI number: 8033586
Tonnage: 2
HSPF: 10.30
SEER: 20.00",AOU24RLXFZH,$3643.68,$3643.68,true,Each,false
Equipment,Moovair,"",pbmat_b5ee0a8ed1c24dd6a9f9dd4fe8b63530,DMA06HIW25230E8,"Moovair 6,000 BTU high wall indoor",DMA06HIW25230E8,$376.20,$376.20,true,Each,false
Equipment,Moovair,"",pbmat_e2244450ecff4db4ac341de1f761b8e3,DMA09HIW25230E8,"Moovair 9,000 BTU high wall indoor",DMA09HIW25230E8,$375.30,$375.30,true,Each,false
Equipment,Moovair,"",pbmat_4072f35b21824b99b8ef72d0b09ff61b,DMA12HIW25230E8,"Moovair 12,000 BTU high wall indoor",DMA12HIW25230E8,$408.60,$408.60,true,Each,false
Equipment,Moovair,"",pbmat_33579c656fb247829523049543988334,DMA18HIW25230E8,"Moovair 18,000 BTU high wall indoor",DMA18HIW25230E8,$583.65,$583.65,true,Each,false
Equipment,Moovair,"",pbmat_c243a77923034f7bb660103694657b9d,DMA24HIW25230E8,"Moovair 24,000 BTU high wall indoor",DMA24HIW25230E8,$727.65,$727.65,true,Each,false
Equipment,Moovair,"",pbmat_8464ef24b0da45fcade24d225376d536,DUA09HIDU230X5,"Moovair 9,000 BTU ductable indoor",DUA09HIDU230X5,$753.00,$753.00,true,Each,false
Equipment,Moovair,"",pbmat_9f1ded01880c4539a6931ebed14d03b6,DUA12HIDU230X5,"Moovair 12,000 BTU ductable indoor",DUA12HIDU230X5,$792.00,$792.00,true,Each,false
Equipment,Moovair,"",pbmat_6741a41f4fed4151bb999b293a73df2f,DUA18HIDU230X5,"Moovair 18,000 BTU ductable indoor",DUA18HIDU230X5,$946.50,$946.50,true,Each,false
Equipment,Moovair,"",pbmat_0c68482db96c472a8cbe66a0036a854a,DUA24HIDU230X5,"Moovair 24,000 BTU ductable indoor",DUA24HIDU230X5,$1051.50,$1051.50,true,Each,false
Equipment,Moovair,"",pbmat_ec41cd730b534f4e910f7bf9ea2d9b80,DUA12HIFU230E5,"Moovair 12,000 BTU floor console",DUA12HIFU230E5,$649.00,$649.00,true,Each,false
Equipment,Moovair,"",pbmat_fa4e3c47fbdf4316ba1e311bc8cde956,DMA18HOM23230X2,"Moovair -25C multi-split (Non-ducted)

Brand: Moovair
Outdoor model number: DMA18HOM23230X2
Indoor model number(s): See material list
Heat Pump AHRI number: 207742529
Tonnage: 1.5
HSPF: 10.60
SEER: 22.50
",DMA18HOM23230X2,$2321.10,$2321.10,true,Each,false
Equipment,Moovair,"",pbmat_85f201ce4f6d42bab3de254372a8b069,DMA27HOM23230X2,"Moovair -25C multi-split (Non-ducted)

Brand: Moovair
Outdoor model number: DMA27HOM23230X2
Indoor model number(s): See material list
Heat Pump AHRI number: 207742532
Tonnage: 2.25
HSPF: 10.50
SEER: 23.80",DMA27HOM23230X2,$3045.60,$3045.60,true,Each,false
Equipment,Moovair,"",pbmat_a2fe0a9a62414260b6f4636ebc94e5e2,DMA48HOM23230X2,"Moovair -25C multi-split (Non-ducted)

Brand: Moovair
Outdoor model number: DMA48HOM23230X2
Indoor model number(s): See material list
Heat Pump AHRI number: 207742538
Tonnage: 4
HSPF: 11.00
SEER: 22.40
",DMA48HOM23230X2,$4881.60,$4881.60,true,Each,false
Equipment,Moovair,"",pbmat_a37307c7efff43aba77ceb15c7216784,DMA48HOM23230X2,"Moovair -25C multi-split (Mixed)

Brand: Moovair
Outdoor model number: DMA48HOM23230X2
Indoor model number(s): See material list
Heat Pump AHRI number: 207742540
Tonnage: 4
HSPF: 11.25
SEER: 21.45
",DMA48HOM23230X2,$4881.60,$4881.60,true,Each,false
Equipment,Moovair,"",pbmat_acd688e933e94944ad17bb3a41a668a2,DMA18HOM25230X3,"Moovair -30C multi-split (Non-ducted)

Brand: Moovair
Outdoor model number: DMA18HOM25230X3
Indoor model number(s): See material list
Heat Pump AHRI number: 207742541
Tonnage: 1.5
HSPF: 10.20
SEER: 22.00
",DMA18HOM25230X3,$2988.90,$2988.90,true,Each,false
Equipment,Moovair,"",pbmat_3c10c1371e184ce29976141a192fd818,DMA18HOM25230X3,"Moovair -30C multi-split (Mixed)

Brand: Moovair
Outdoor model number: DMA18HOM25230X3
Indoor model number(s): See material list
Heat Pump AHRI number: 207742543
Tonnage: 1.5
HSPF: 10.00
SEER: 20.50",DMA18HOM25230X3,$2988.90,$2988.90,true,Each,false
Equipment,Moovair,"",pbmat_6c70cb9878e946dea9e3f0610e192327,DMA27HOM25230X3,"Moovair -30C multi-split (Non-ducted)

Brand: Moovair
Outdoor model number: DMA27HOM25230X3
Indoor model number(s): See material list
Heat Pump AHRI number: 207742544
Tonnage: 2
HSPF: 11.30
SEER: 22.50
",DMA27HOM25230X3,$3843.00,$3843.00,true,Each,false
Equipment,Moovair,"",pbmat_0ca7307d63554e2a9595c0acc130c37b,DMA27HOM25230X3,"Moovair -30C multi-split (Mixed)

Brand: Moovair
Outdoor model number: DMA27HOM25230X3
Indoor model number(s): See material list
Heat Pump AHRI number: 207742546
Tonnage: 2.25
HSPF: 10.70
SEER: 21.25",DMA27HOM25230X3,$3843.00,$3843.00,true,Each,false
Equipment,Moovair,"",pbmat_9c94415d77ff4c5a822eb3e9b31f6bbc,DMA36HOM25230X3,"Moovair -30C multi-split (Non-ducted)

Brand: Moovair
Outdoor model number: 
Indoor model number(s): See material list
Heat Pump AHRI number: 207742547
Tonnage: 3
HSPF: 11.00
SEER: 21.80",DMA36HOM25230X3,$4918.50,$4918.50,true,Each,false
Equipment,Moovair,"",pbmat_2273295afd4541c2a56c2e3dab750954,DMA36HOM25230X3,"Moovair -30C multi-split (Mixed)

Brand: Moovair
Outdoor model number: DMA36HOM25230X3
Indoor model number(s): See material list
Heat Pump AHRI number: 207742549
Tonnage: 3
HSPF: 11.00
SEER: 20.40",DMA36HOM25230X3,$4918.50,$4918.50,true,Each,false
Equipment,Moovair,"",pbmat_f87be58f6fc44d6986d487f1a29ab2a2,DMA48HOM25230X3,"Moovair -30C multi-split (Non-ducted)

Brand: Moovair
Outdoor model number: DMA48HOM25230X3
Indoor model number(s): See material list
Heat Pump AHRI number: 207742550
Tonnage: 4
HSPF: 11.00
SEER: 21.50",DMA48HOM25230X3,$5801.50,$5801.50,true,Each,false
Equipment,Moovair,"",pbmat_d044e2e8011947bfb521b38d3bbe899c,DMA48HOM25230X3,"Moovair -30C multi-split (Mixed)

Brand: Moovair
Outdoor model number: DMA48HOM25230X3
Indoor model number(s): See material list
Heat Pump AHRI number: 207742552
Tonnage: 4
HSPF: 10.75
SEER: 20.85",DMA48HOM25230X3,$5801.50,$5801.50,true,Each,false
Equipment,Fujitsu,"",pbmat_71bc908591ea44a6b77b2602db5d5275,AOU48RLAVM4,"Fujitsu J-Series VRF oiutdoor unit 48,000 btu",AOU48RLAVM4,$6211.00,$6211.00,true,Each,false
Equipment,Fujitsu,"",pbmat_d89d0154c3a441fe90332f32905ae481,ASUA4TLAV2,"Fujitsu J-Series high wall indoor unit 4,000 btu",ASUA4TLAV2,$1286.00,$1286.00,true,Each,false
Equipment,Fujitsu,"",pbmat_71ef38c7990b422a9fe94e3b9cb46a1c,ASUA7TLAV2,"Fujitsu J-Series high wall indoor unit 7,000 btu",ASUA7TLAV2,$1428.00,$1428.00,true,Each,false
Equipment,Fujitsu,"",pbmat_8dfa71037b3d420190434fa2b0a414d2,ASUA9TLAV2,"Fujitsu J-Series high wall indoor unit 9,000 btu",ASUA9TLAV2,$1577.50,$1577.50,true,Each,false
Equipment,Fujitsu,"",pbmat_0210f73d33514bf1a5aec5650009f262,ASUA14TLAV2,"Fujitsu J-Series high wall indoor unit 14,000 btu",ASUA14TLAV2,$1815.50,$1815.50,true,Each,false
Equipment,Fujitsu,"",pbmat_8536f380f5ad4aaab8c38df8db9d492a,UTYLNHU,Wireless remote controller used with FUJITSU Mini-VRF of Airstage series,UTYLNHU,$124.12,$124.12,true,Each,false
Equipment,Fujitsu,"",pbmat_797a5e60ed3f4a9299ae95cf1491b096,UTRH0908L,Fujitsu J-Series VRF 8 port header,UTRH0908L,$238.93,$238.93,true,Each,false
Install,Electrical,"",pbmat_88529e7806124a7d8f1d97914642619a,K00500LW,Fujitsu LONWORKS SHIELDED CABLE,K00500LW,$106998.93,$106998.93,true,per foot,false
Maintenance,"","",pbmat_efec64b8b8ca4740aa788bf50441236f,GF4556,"GeneralAire Media Replacement Filter, MERV 11, 20"" x 20"" x 5"" (Replaces M2-1056)",GF4556,$36.38,$36.38,true,Each,false
Install,Refrigerant piping,Pipe insulation,pbmat_fdd1562176134871bb6bf2b812ec4f07,A3434,"PIPE INSULATION 3/4"" X 3/4"" X 6'",A3434,$2.08,$2.08,true,Each,false
Equipment,Moovair,"",pbmat_18747adc4b71426bb43700d180e45b10,CUB24HAC20BWT7A,"17.5"" Cased indoor coil cold climate heat pump",CUB24HAC20BWT7A,$549.45,$549.45,true,Each,false
Equipment,Moovair,"",pbmat_abd4441499674b60bc2addc3b7fdedc7,DMA24HOS20230E7,"Central-Moov 2 Ton (Add on)

Brand: Moovair
Outdoor model number: DMA24HOS20230E7
Indoor model number(s): CUB24HAC20BWT7A
Heat Pump AHRI number: 212361759
Tonnage: 2
HSPF2: 9.5
SEER2: 16.8",DMA24HOS20230E7,$1980.00,$1980.00,true,Each,false
Equipment,Fujitsu,"",pbmat_c9200fddc37c458f8d968a702bb612ff,UTYRVRU,Fujitisu Kagami wired controller,UTYRVRU,$434.40,$434.40,true,Each,false
Install,Ductwork,Flexible round,pbmat_ba9fde3199e44cdeaa5873bf82d37133,6779027,Non-insulated flexible ducting - SLD 6x25' NON-INS FLEX DUCT,6779027,$59.53,$59.53,true,Each,false
Install,Ductwork,Flexible round,pbmat_81cfbf8967b1402986d0c6033acf5650,6770167,"6"" insulated flexible duct - MEA 6x25' ALUM AIR DUCT R4.2",6770167,$66.92,$66.92,true,Each,false
Equipment,Fujitsu,"",pbmat_0d43360d7e224248a0e6193a512c3aad,AOU24RLXFZ,"Fujitsu H-Series multi split outdoor unit 24,000 btu",AOU24RLXFZ,$2373.60,$2373.60,true,Each,false
Equipment,Mitsubishi,"",pbmat_ca567ff838cb4c2ca026b16698dd1103,MXZ-3C24NA,"Multi-split (-15C)

Brand: Mitsubishi
Outdoor model number: MXZ-3C24NA3
Indoor model number(s): See materials
Heat Pump AHRI number: 207342463
Tonnage: 2
HSPF2: 10.00
SEER: 20.00",MXZ-3C24NA,$3817.00,$3817.00,true,Each,false
Repair,"","",pbmat_16863923b17e4fbb843018c104d8aa2d,995-ALL,SUPER SEAL FLEX INJECT W/ UV DYE,995-ALL,$251.70,$251.70,true,Each,false
Repair,"","",pbmat_5825a62801c34721891350d52ea1f7a9,RCR40-5-440,Herm/Fan Dual run capacitor,RCR40-5-440,$62.06,$62.06,true,Each,false
Install,Controls,Thermostats,pbmat_1066bf96a4154a249e41097cd62ad32a,EBSTATE6LPC01,Ecobee thermostat Enhanced 6 PRO 4 Heat/4 Cool,EBSTATE6LPC01,$255.22,$255.22,true,Each,false
Equipment,Coleman,"",pbmat_6d9260a702a2458683c980a9d3413b7f,DGAX070BDTA,COLEMAN PROPANE FURNACE MOBILE HOME 70K BTU R,DGAX070BDTA,$2064.74,$2064.74,true,Each,false
Equipment,Coleman,"",pbmat_ce71765245324c169551de633626f589,40007151C,"York® Standard Roof Jack, Series: 4000 Series, For Use With: Coleman Evcon/Revolv CGAT/COAS/COAT/DGAA Mobile/Modular Home Gas Furnace, 90 to 116 in Adjustable Height of 59-1/2 in Casing, 106 to 132 in Adjustable Height of 76 in Casing",40007151C,$325.96,$325.96,true,Each,false
Equipment,Coleman,"",pbmat_e0c881af5e5b41b8a9abd10a1673e72b,79906211,"Ductwork connection for Coleman furnace - MH DUCT CONN. 1"" FINGER TA",79906211,$56.92,$56.92,true,Each,false
Equipment,Coleman,"",pbmat_5d7c8a6ae54f4279a6a3538381505563,7900A6171,"Extension for venting of roof jack to furnace - 17"" EXTENSION M6 0",7900A6171,$103.06,$103.06,true,Each,false
Maintenance,"","",pbmat_0db91915619942ad928b1f7b35d618fd,GF4551,"GeneralAire Media Replacement Filter, MERV 11, 20"" x 25"" x 5"" (Replaces M8-1056)",GF4551,$34.78,$34.78,true,Each,false
Install,Ductwork,Rectangle duct,pbmat_4cc0c687f3484b928c62ffad7f7823ae,6660569,"Duct 20"" x 10"" x 5' Steel 26GA Galvanized",6660569,$10.02,$10.02,true,per foot,false
Install,Ductwork,Rectangle duct,pbmat_8a728a7e0bec4edb8b2949bad41e52d0,6660113,"Duct 18'"" x 10"" x 5' Steel 28GA Galvanized",6660113,$8.26,$8.26,true,per foot,false
Install,Ductwork,Rectangle duct,pbmat_88c3a974de074c8da544ffe193203079,6660177,"Duct 14"" x 10"" x 5' Steel 30GA Galvanized",6660177,$6.92,$6.92,true,per foot,false
Install,Ductwork,Round fittings,pbmat_791fbf329af649a1a26dc943c5428c04,6712019,"Elbow 5"" Steel 30GA 90° Adjustable CROE F/Duct Galvanized",6712019,$1.96,$1.96,true,Each,false
Install,Ductwork,Round pipe,pbmat_365524ae4249465e9984be0fb7ef5379,6716045,"Pipe 5"" x 60"" Steel 30GA Round Type B SNAPLOCK Galvanized Foot",6716045,$1.10,$1.10,true,per foot,false
Install,Ductwork,Misc fittings,pbmat_1b57a62b71044f0f80eceb101125a283,6660851,"Damper 5"" Round F/Pipe W/Handle Key Galvanized",6660851,$4.67,$4.67,true,Each,false
Install,Ductwork,Diffusers & grilles,pbmat_1695d1c367f44bac91e1c538a6038735,6670049,"Imperial MFG RG2296 Grille 24"" x 8"" Plastic Return Air F/Sidewall White",6670049,$12.97,$12.97,true,Each,false
Install,Ductwork,Rectangle duct,pbmat_1e1bbdfbdb5e49d2bbb0472cf93797f5,6719544,"Duct 20"" x 8"" x 5' Steel 28GA Galvanized",6719544,$9.11,$9.11,true,per foot,false
Install,Ductwork,Rectangle duct,pbmat_52afba50e0f84ae780634e5723f967ec,6716042,"Duct 12"" x 8"" x 5' Steel 30GA Galvanized",6716042,$6.26,$6.26,true,per foot,false
Install,Ductwork,Round fittings,pbmat_cd98a320e9e9499f9a9da0e44b20170d,6710124,"Take-Off 5"" Square-Round Side Galvanized",6710124,$3.22,$3.22,true,Each,false
Install,Ductwork,Misc fittings,pbmat_fe16bb455e09476fbe695173d576d904,6660782,Cleat 5' 30GA S Galvanized Foot,6660782,$0.77,$0.77,true,per foot,false
Install,Ductwork,Misc fittings,pbmat_c7eb1f1cd7e54be5a17820886cab7e6b,6660754,Cleat 5' 30GA Drive Foot,6660754,$0.50,$0.50,true,per foot,false
Install,Ductwork,Rectangle duct,pbmat_de3672adbd3541d2853d57188ea85add,6717422,"Duct 16"" x 10"" x 5' Steel 28GA Galvanized",6717422,$7.84,$7.84,true,per foot,false
Install,Ductwork,Rectangle duct,pbmat_c5dac03556134cdfbf92dca49c910d59,6716043,"Duct 14"" x 8"" x 5' Steel 30GA Galvanized",6716043,$7.96,$7.96,true,per foot,false
Install,Ductwork,Rectangle duct,pbmat_ec79b129553c4cfeb09929c21ccb9428,6716005,"Duct 18"" x 8"" x 5' Steel 28GA Galvanized",6716005,$7.79,$7.79,true,Each,false
Install,Ductwork,Round fittings,pbmat_4442e827bad54590b6d96834bc86c70d,6661823,"Take-Off 5"" Universal Round Top-Side Galvanized",6661823,$3.85,$3.85,true,Each,false
Install,Ductwork,Rectangle duct,pbmat_0cf40c931a39432f95fdc9d28a3e0925,6716044,"Duct 16"" x 8"" x 5' Steel 28GA Galvanized",6716044,$7.34,$7.34,true,per foot,false
Install,Ductwork,Diffusers & grilles,pbmat_28c44422580b4ab1b4b2915189e098f5,6730990,"RDV6S Vent 6"" Polymer Resin Round Soffit White",6730990,$6.16,$6.16,true,Each,false
Install,Ductwork,Flexible round,pbmat_b5d954e309ae44c7a18c4b00e245bbde,6770167,Insulated flexible duct - MEA 6x25' ALUM AIR DUCT R4.2,6770167,$66.92,$66.92,true,Each,false
Install,Ductwork,Round fittings,pbmat_e353d13d9e6f414c9d3fb2dfc5c3a57c,6713062,"Take-Off 6"" Square-Round Side Galvanized",6713062,$4.60,$4.60,true,Each,false
Install,Ductwork,Round fittings,pbmat_e3657ae764454dcc82e4938aa2494560,6713093,"Elbow 12"" Steel 26GA 90° Adjustable CROE F/Duct Galvanized",6713093,$19.65,$19.65,true,Each,false
Install,Ductwork,Round fittings,pbmat_c02b96a36ec0448d9b1482e8bd56275c,6711419,"Elbow 10"" Metal 30GA 90° Adjustable CROE Galvanized",6711419,$9.22,$9.22,true,Each,false
Install,Ductwork,Misc fittings,pbmat_c3d0893aaa3a4c0c9c56915db7147983,8080019,Carlisle Hardcast 322674 Duct Seal 1GAL Water-Based Grey,8080019,$38.94,$38.94,true,Each,false
Install,Ductwork,Round pipe,pbmat_fa71d5842829489e990bd8ecca9ef137,6716640,"Pipe 10"" x 60"" Steel 30GA Galvanized",6716640,$4.34,$4.34,true,per foot,false
Install,Ductwork,Round pipe,pbmat_8971be223a2248659dd533779f2ac3fd,6716641,"Pipe 12"" x 60"" Steel 30GA Galvanized",6716641,$7.40,$7.40,true,per foot,false
Install,Ductwork,Rectangle duct,pbmat_a6dec91750f84294bef77bd52c01b462,6716040,"Duct 8"" x 8"" x 5' Steel 30GA Galvanized",6716040,$5.38,$5.38,true,per foot,false
Install,Ductwork,Round fittings,pbmat_ef5bdcb6126f438bbd0992ce45b5d7e4,6713064,"Take-Off 8"" Square-Round Side Galvanized",6713064,$8.73,$8.73,true,Each,false
Install,Ductwork,Round fittings,pbmat_f826fd5c05724269a87373494bd11e6b,6710903,"Elbow 8"" Steel 30GA 90° Adjustable CROE Galvanized",6710903,$5.08,$5.08,true,Each,false
Install,Ductwork,Round pipe,pbmat_4b012c8ac0084ccb9cbbd51c3e1d7deb,6716642,"Pipe 8"" x 60"" Steel 30GA Galvanized",6716642,$2.65,$2.65,true,per foot,false
Install,Ductwork,Diffusers & grilles,pbmat_8f42072f30f34618afaa899c50c28e93,6715913,"Primex 115-0667 WC401 Cap 4"" 4"" Polymer Resin Wall F/Exhaust Vent",6715913,$11.51,$11.51,true,Each,false
Install,Air quality,"",pbmat_f9f19125ebeb4ae2995757bb0fdb6b92,9027229,Exhaust fan vapour barrier - G-59 VAPOUR BARRIER/BOOT,9027229,$6.64,$6.64,true,Each,false
Install,Ductwork,Flexible round,pbmat_4dbf15441da542009f16d2b9b2d75b0f,6779971,Insulated flexible duct - KM 5x25' INSUL THERM DUCT 4.2,6779971,$72.13,$72.13,true,Each,false
Install,Ductwork,Round pipe,pbmat_968a2b6d4e5549ec9236609eaa7fcdf8,6716643,"Pipe 7"" x 60"" Steel 30GA Galvanized",6716643,$2.62,$2.62,true,per foot,false
Install,Ductwork,Misc fittings,pbmat_9972202afa5242c1bd0e92ffe510664b,6718076,"Plenum 16-1/2"" x 20-1/8"" x 59"" 28GA W/Cap",6718076,$162.02,$162.02,true,Each,false
Install,Ductwork,Round pipe,pbmat_ce064e1fda2346d98c4bc1caa37c23bf,6712016,"Pipe 6"" x 60"" Steel 32GA Round Type B SNAPLOCK Galvanized Foot",6712016,$1.34,$1.34,true,per foot,false
Install,Ductwork,Round fittings,pbmat_45a6c94389554c10a5cd80b77981013c,6712018,"Elbow 4"" Steel 30GA 90° Adjustable CROE F/Duct Galvanized",6712018,$1.75,$1.75,true,Each,false
Install,Ductwork,Round fittings,pbmat_9dfb96bd4dc94bd2a4c396492dad46be,6716649,"Boot 3"" x 10"" x 4"" Universal Round-Rectangular Straight Galvanized",6716649,$4.58,$4.58,true,Each,false
Install,Ductwork,Misc fittings,pbmat_a0e160dd72264b80b677e166474d14aa,6660827,"Damper 4"" Round F/Pipe W/Handle Key Galvanized",6660827,$4.67,$4.67,true,Each,false
Install,Ductwork,Round fittings,pbmat_74cb3e927f4949aca015aa4d1b6c9e1e,6713061,"Take-Off 4"" Square-Round Side Galvanized",6713061,$2.97,$2.97,true,Each,false
Install,Ductwork,Round fittings,pbmat_c9641cebeedf4448aa7b89e932a8aa7d,6715507,"Boot 4"" x 10"" x 5"" Universal Round-Rectangular Straight Galvanized",6715507,$5.38,$5.38,true,Each,false
Install,Ductwork,Misc fittings,pbmat_7243a828c4a24fd196e9e04fb0ad65d1,6660886,"Damper 6"" Round F/Pipe W/Handle Key Galvanized",6660886,$5.42,$5.42,true,Each,false
Install,Ductwork,Diffusers & grilles,pbmat_79ac76ce38c94ba7900faf0774b2c675,6670538,"Primex 115-0463 HRA410 Register 4"" x 10"" Polymer Resin Floor White",6670538,$2.81,$2.81,true,Each,false
Install,Ductwork,Flexible round,pbmat_2e450dd402734eedb494f8822dd29624,6779970,Insulated flexible duct - KM 4x25' INSUL THERM DUCT 4.2,6779970,$68.69,$68.69,true,Each,false
Install,Ductwork,Round pipe,pbmat_d0638f5f2baf448e94e3219857edac92,6712014,"Pipe 4"" x 60"" Steel 30GA Round Type B SNAPLOCK Galvanized Foot",6712014,$0.97,$0.97,true,per foot,false
Install,Ductwork,Diffusers & grilles,pbmat_e213758adcaa40849fe7971dd382a687,6715921,"Primex 115-0704 WC601 Cap 6"" 6"" Polymer Resin Wall F/Exhaust Vent",6715921,$16.36,$16.36,true,Each,false
Install,Ductwork,Round fittings,pbmat_0ad5f6b06ccc4c85941ef4e161ce8029,6712020,"Elbow 6"" Steel 30GA 90° Adjustable CROE F/Duct Galvanized",6712020,$2.44,$2.44,true,Each,false
Equipment,Mitsubishi,"",pbmat_aba7ecf8d173435f9212b7d1a1260c69,SUZ-KA18NAHZ,Single split outdoor unit,SUZ-KA18NAHZ,$2738.34,$2738.34,true,Each,false
Install,Ductwork,Rectangle duct,pbmat_a9c317afacd94eb0a12cc0b26503da00,6660070,"Duct 12"" x 10"" x 5' Steel 30GA Galvanized",6660070,$6.49,$6.49,true,per foot,false
Equipment,Sunpak,"",pbmat_f964e09760ce45e2a3bbf9af94008959,6708600,"Patio heater 25,000 BTU black - S25 PATIO HTR 25MBH NG BLK",6708600,$2365.27,$2365.27,true,Each,false
Equipment,Sunpak,"",pbmat_85b0d2e98a2f43ae96bfd155d04d5f50,6708607,"Patio heater 34,000 BTU black - S34 PATIO HTR 34MBH NG BLK",6708607,$2542.52,$2542.52,true,Each,false
Equipment,Sunpak,"",pbmat_a3fa1cf1cbf145c6882e2a48130339d6,6708601,"Patio heater 25,000 BTU stainless steel - S25 PATIO HTR 25MBH NG SS",6708601,$2530.30,$2530.30,true,Each,false
Equipment,Sunpak,"",pbmat_861b66d7970c42298a4b4d9c1c44ea03,6708608,"Patio heater 34,000 BTU stainless steel - S34 PATIO HTR 34MBH NG SS",6708608,$2706.67,$2706.67,true,Each,false
Equipment,Sunpak,"",pbmat_754847f7ab7a48358f3ff6f78684b7d2,6708625,120V to 24V transformer - IN90048 SUNPAK TRNSFRMR,6708625,$87.19,$87.19,true,Each,false
Equipment,Sunpak,"",pbmat_e596de67e1da42f2a415e27595ec83a3,6708620,Mounting kit black - IN120062 SUNPAK MNT KIT BLK,6708620,$134.30,$134.30,true,Each,false
Equipment,Sunpak,"",pbmat_0b94052673044ad0a85fdc2c79b4bae4,6708621,Mounting kit stainless steel  - IN120066 SUNPAK MNT KIT SS,6708621,$297.78,$297.78,true,Each,false
Repair,"","",pbmat_bb8178f0ffa74562a91fbcda8a25de25,62-104058-02,Control board - CONTROL BOARD (IFC),62-104058-02,$183.57,$183.57,true,Each,false
Install,Flue,"",pbmat_8f66efa7fb3548a5b584576570d389d3,196511,"Ipex PVC Access Tee, 2"" Dia",196511,$17.57,$17.57,true,Each,false
Install,Flue,"",pbmat_8c3198575d0b4de085155087983a62f3,196216,"IPEX 2"" PVC FGV Face Plate Assembly - Rectangle System 636",196216,$37.67,$37.67,true,Each,false
Install,Flue,"",pbmat_1736d38162154322be8dc9c584c19987,196022,"IPEX 2"" x 90° PVC Extra Long Elbow H x H System 636",196022,$7.24,$7.24,true,Each,false
Install,Flue,"",pbmat_8cd288b548f847c08c1cad4b4e606e75,196010,"Ipex PVC S636 Extra Long Elbow, 45°, 2""",196010,$6.65,$6.65,true,Each,false
Equipment,Rheem,"",pbmat_9659fc25751c4cdeb780270c437c4b88,PROG40S-38N CN62,"Water heater - Rheem Professional Classic 40 Gallon Atmospheric Gas Water Heater, 38000 Btu",PROG40S-38N CN62,$1054.59,$1054.59,true,Each,false
Equipment,Moovair,"",pbmat_14717cc41bcc4adaaa4e37e8ab95b299,CUB36HAC20CWT7A,CASED COIL 30- 21.0 TXV - M20 CONDENSER 30-36000 BTU,CUB36HAC20CWT7A,$636.12,$636.12,true,Each,false
Install,Cylinders,"",pbmat_898cbbfc783d4be58fedbace2ec02368,R134A136REF,R134A Refrigerant for cooling systems,R134A136REF,$20.81,$20.81,true,per pound,false
Equipment,Mitsubishi,"",pbmat_fd210a56d73b47c59d0dca8f8b10e854,SUZ-KA12NAHZ,"Hyper Heat outdoor unit
AHRI: 204627055 *$4,000 GHG",SUZ-KA12NAHZ,$2505.60,$2505.60,true,Each,false
Repair,"","",pbmat_8c6a3d36ccb043caa281675fbd748c03,Q340A1074,"Thermocouple - Themocouple 24""",Q340A1074,$18.94,$18.94,true,Each,false
Install,Plumbing,Accessories,pbmat_749630a73bd74c7a85a500f18a54968e,M335M2,"Pressure relief valve for boiler - 3/4"" MXF PRESS REL VLV 30#",M335M2,$31.21,$31.21,true,Each,false
Install,Plumbing,Accessories,pbmat_1f4bd15b876f49819d86dabbd80df381,FV4-M1,Air purger for boiler system - FV4-M1 1/8 AUTO FLOAT VENT,FV4-M1,$16.46,$16.46,true,Each,false
Install,Plumbing,Accessories,pbmat_0be08ddc881a40e2b415d2e006dc12f6,V8043G1018/U,Zone valves for boiler - 3/4 ZONE VLV W/ES,V8043G1018/U,$94.26,$94.26,true,Each,false
Install,Plumbing,Accessories,pbmat_612f9d1b075e4bd4ab9c2ab52cff69e6,2130076,"Valve with hose connection for boiler drain - 1/2"" universal sediment faucet",2130076,$8.29,$8.29,true,Each,false
Maintenance,"","",pbmat_dcd062e511d149409a93ba0d9b3a3adf,5933242,MC1+ Rust inhibitor/protections for boiler system,5933242,$49.46,$49.46,true,Each,false
Install,Plumbing,Accessories,pbmat_19950077df9c4be69d75950486169795,V135A1014,Mixing valve for boiler system - 3WAY VLV,V135A1014,$331.87,$331.87,true,Each,false
Install,Plumbing,Accessories,pbmat_bc5a7dc7f7ed4536836ee2b4833476b7,8015219,Variable speed circulator pump - ALPHA CIRC 115V 9H,8015219,$315.61,$315.61,true,Each,false
Install,Plumbing,Copper pipe,pbmat_352ea3b270e24ec69086511c31ba866f,0713002,"Tube 1"" L Hard Copper 12' Length",0713002,$107.16,$107.16,true,Each,false
Install,Plumbing,Solder copper fittings,pbmat_f3a58f49e34b41848b825960b6b2d0a2,111376,"1"" copper tee - 1 C-C WROT TEE",111376,$7.09,$7.09,true,Each,false
Install,Plumbing,Solder copper fittings,pbmat_647a793c53fb4b8e968fa27f0c35fd50,114413,"1"" copper thread to pipe adapter - 1 C-MIP WROT ADPT",114413,$7.68,$7.68,true,Each,false
Install,Plumbing,Solder copper fittings,pbmat_83d0f4f3a4f74172b85ea23a67ad2f60,110094,"3/4 C-C WROT 90 DEG ELL 3/4"" copper elbow",110094,$2.02,$2.02,true,Each,false
Install,Plumbing,Solder copper fittings,pbmat_d1400a14534d4a47a5701c7ba8239638,110774,"1"" copper street elbow - 1 FTG-C WROT 90 DEG ELL",110774,$4.94,$4.94,true,Each,false
Install,Plumbing,Solder copper fittings,pbmat_2129378b84404ed98d24d7ed1f9e37ee,114391,"3/4 C-MIP WROT ADPT 3/4"" copper thread to pipe adapter",114391,$3.32,$3.32,true,Each,false
Repair,"","",pbmat_32405a8473af41efa61138b42f0036e3,FV0511VQ1,Ventilation fan - Panasonic 50/80/110CFM VENT FAN,FV0511VQ1,$155.11,$155.11,true,Each,false
Maintenance,"","",pbmat_2dc7033f6681431bb7f5bc0f33d840b5,4L220,Belt for exhaust fan,4L220,$11.56,$11.56,true,Each,false
Maintenance,"","",pbmat_ca09bb43b6e546a6bf97837c0de29e1f,A40,Belt for make-up air,A40,$15.17,$15.17,true,Each,false
Repair,"","",pbmat_27310731ac0241ab8502031104ee412e,1N16,Replacement heating strips for duct heater - Nichrome heaters,1N16,$160.57,$160.57,true,Each,false
Repair,"","",pbmat_551143228b0f4bb4b0dd15b88b94e6b3,TH1100DV1000,Thermostat - Non-programmable thermostat heat only,TH1100DV1000,$56.10,$56.10,true,Each,false
Repair,"","",pbmat_79a5f6a8399a4a54bdb7abb52a81d377,K970319123031,Outdoor unit Control PCB (AOU36RLAVS)  - Fujitsu Control PCB,K970319123031,$519.78,$519.78,true,Each,false
Repair,"","",pbmat_2083b8fccab84571afa038a782bff45a,K9709681312,Outdoor unit Inverter Power Module PCB  (AOU36RLAVS) -  Fujitsu Inverter (IPM) PCB,K9709681312,$850.38,$850.38,true,Each,false
Repair,"","",pbmat_a3a8f8a9295c4a9d9770ac70dc3a1c36,UTYRNRUZ5,Wall controller for indoor unit  (AOU36RLAVS)  - Fujitsu Wall Controller,UTYRNRUZ5,$429.92,$429.92,true,Each,false
Repair,"","",pbmat_1f387050fe66479188fdf7d8abd5e5d7,K9709035085,Outdoor unit Filter PCB (AOU36RLAVS) - Fujitsu Filter PCB (replaces K9079911037),K9709035085,$1640.89,$1640.89,true,Each,false
Repair,"","",pbmat_e08d12e90eca47ef99d09b7dd9563e43,K9708920009,Fujitsu ACTPM PCB,K9708920009,$224.82,$224.82,true,Each,false
Equipment,Moovair,"",pbmat_d1ea2e2b65d64912b649f60aa898e07f,FM24HIAHUU230X6,"Moovair 24,000 BTU multi-split air handler",FM24HIAHUU230X6,$1116.00,$1116.00,true,Each,false
Repair,"","",pbmat_35d353fe1576412d8f1ea31ce2c2873f,K9709612019,Fujitsu COMMUNICATION PCB HVAB K07DO -1200HSE-CA1,K9709612019,$0.00,$0.00,true,Each,false
Repair,"","",pbmat_e439ce6092864380932a8b05aa21bc2b,571271,"3/4"" Pex water piping - 3/4"" RAUPEX WHT CTS TUBE /FT",571271,$0.92,$0.92,true,per foot,false
Repair,"","",pbmat_6bd87542c8624b6c981bc25469d6b373,576378,"3/4"" pex brass elbow - 3/4 PEX CRIMP 90 DEG BRS LF",576378,$1.62,$1.62,true,Each,false
Repair,"","",pbmat_57d21b04335e4cf6849be74ce4a3ba0d,576411,"3/4"" pex copper compression ring - 3/4 PEX COP CRIMP RING",576411,$0.32,$0.32,true,Each,false
Repair,"","",pbmat_734b6c5b5a1e4000a0079c2dc009f93a,9890005,"3/4"" Sharkbite coupling - MLPFB134 3/4 BRS PF-PF CPLG LF",9890005,$6.45,$6.45,true,Each,false
Repair,"","",pbmat_f97ccbb730bc484babc02c9c3dcbf519,1640,Rust inhibitor for hydronic system -  MC1+ RAPIDE PROTECT/INHIB,1640,$53.26,$53.26,true,Each,false
Repair,"","",pbmat_7bfcfaa0ca194965ba8fa0b8ca22c85e,5738035,Hydronic baseboard heater - 2' WHITE BASEBOARD 30AWI,5738035,$43.51,$43.51,true,Each,false
Repair,"","",pbmat_d5a13514b24b4e058f20a6dc962ddad2,5738055,Hydronic baseboard heater - 6' WHITE BASEBOARD 30AWI,5738055,$130.52,$130.52,true,Each,false
Repair,"","",pbmat_5f39f088723d4ba4b6a4c4304c8468ef,5525896,"4"" B-vent elbow - 4x90 EV B-VENT DW ELL",5525896,$48.27,$48.27,true,Each,false
Repair,"","",pbmat_e3d1439bd72a4924a2c4963f3f388e3c,5525918,"4"" B-vent support plate - 4 EV B-VENT SUPP PLT",5525918,$14.58,$14.58,true,Each,false
Repair,"","",pbmat_f39a06df34844a028f1b9ffac5a77886,5520223,"4"" B-vent support ring - 4 EV B-VENT SUPP RING",5520223,$7.13,$7.13,true,Each,false
Equipment,Rheem,"",pbmat_9b7dca2f808a4c0cb67692066ad5a026,CPROPH50 T2 RH375-SO,Heat pump water heater - CPROPH50 T2 RH375-SO - 42IMPG ProTerra Hybrid Electric 240V/4500W Water Heater,CPROPH50 T2 RH375-SO,$3034.69,$3034.69,true,Each,false
Equipment,Rheem,"",pbmat_81999282a42a4517954bc24f93820871,CPROPH65 T2 RH375-SO,Heat pump water heater - CPROPH65 T2 RH375-SO - 54IMPG ProTerra Hybrid Electric 240V/4500W Water Heater,CPROPH65 T2 RH375-SO,$3319.35,$3319.35,true,Each,false
Install,Plumbing,Accessories,pbmat_5508e8d46b6b4b02adde71d8cde6bb2a,3109530,"Water tank pan - 26"" RND PAN 2""H C/W SIDE STUB",3109530,$37.70,$37.70,true,Each,false
Equipment,A.O. Smith,"",pbmat_d5af3691048544e4ad535cd6f25d2544,HPTU-50N,Heat pump water heater -  42IMPG Hybrid 208V/4500W Water Heater,HPTU-50N,$2665.12,$2665.12,true,Each,false
Equipment,Moovair,"",pbmat_ad8a49d593004c56adb63a8d55663413,CUB36HAC20BWT7A,CASED COIL 30- 17.5 TXV - M20 CONDENSER 30-36000 BTU,CUB36HAC20BWT7A,$592.78,$592.78,true,Each,false
Repair,"","",pbmat_a9f87ef23bf84f01a63b36eef5ae05e7,6798309 - RSH-50 SURGE PROTECTOR,Surge protector,RSH-50 (Emco 6798309),$85.50,$85.50,true,Each,false
Repair,"","",pbmat_30b3954475ed4ce4b61223545d5ad967,NC1W,Acidic condensate neutralizer - NC1W COND NEUT KIT,NC1W,$81.41,$81.41,true,Each,false
Repair,"","",pbmat_bac1c863871d4fcc8bcfcbffb925bc3a,8825179,"Unistrut 3/8"" spring nuts - 3/8 EI T929 STRUT NUTS W/SPRNG",8825179,$1.16,$1.16,true,Each,false
Repair,"","",pbmat_cebff7bbd7294c7dbb408a9058efc877,8828160,Rubber support block - C10 RBR SPPT W/7/8 GALV CHNL,8828160,$21.50,$21.50,true,Each,false
Repair,"","",pbmat_80362cae396c49d489d3202e5e807390,6662587,Metal plug for venting - 6 GALV SPUN PLUG/TEE CAP,6662587,$9.20,$9.20,true,Each,false
Repair,"","",pbmat_5bb0516aa7b146c0bc5c0ac9614df52a,4050-11-CAL,"Leak stop & UV dye - NU-CAL EASYSEAL ULTIMATE LS/UV, 2 TO 7.5 TONS",4050-11-CAL,$128.23,$128.23,true,Each,false
Equipment,Fujitsu,"",pbmat_cc267b09a3c84ae28961d6ac8b130941,AOUG09LZAH1,"Airstage H-Series XLTH outdoor unit 9,000 BTUH

Brand: Fujitsu
Outdoor model number: AOUG09LZAH1
Indoor model number(s): ASUG09LZBS
Heat Pump AHRI number: 210191037
Tonnage: 1
HSPF2: 13.30
SEER2: 33.10",AOUG09LZAH1,$1439.52,$1439.52,true,Each,false
Equipment,Fujitsu,"",pbmat_e9fddd60fc53420c846765baacb401cc,ASUG09LZBS,"Airstage high wall indoor unit 9,000 btu",ASUG09LZBS,$754.56,$754.56,true,Each,false
Repair,"","",pbmat_f4dcb14f3b4b4ef293463ce64406b150,VST44,"Swivel tee for refrigeration sensor - JB 1/4"" SAE Female Swivel Tee with Depressor with Nut ",VST44,$8.99,$8.99,true,Each,false
Repair,"","",pbmat_c33ad3e94d1541bc87c4e34d57fa7ee9,ACB-2UA49W,"Fan cycle switch (R22, R407C) - Saginomiya Pressure Switch Fan Cycling Open 190 Close 265 1/4"" Flare",ACB-2UA49W,$24.29,$24.29,true,Each,false
Repair,"","",pbmat_6231e15ac42f43b88409399fd3de39aa,KT-45-ZGA,TX valve power element - Sporlan Size 45 GA Charge R410A Power Element with 5' Capillary,KT-45-ZGA,$205.98,$205.98,true,Each,false
Repair,"","",pbmat_8330603d6625404297697b0162af3465,AZ20113REF,AZ20113REF - R410A Refrigerant,AZ20113REF,$20.24,$20.24,true,per pound,false
Repair,"","",pbmat_1c3457c77b594d7689ffcf44f8a8927d,TP-90293,Relay - 24V Relay SPDT,TP-90293,$13.38,$13.38,true,Each,false
Repair,"","",pbmat_5ee76bea629543a1baec7d253eda474a,R95,2 PSIG Gas Regulator - R95 3/4 2# 7-11 WC REG NG,R95,$80.80,$80.80,true,Each,false
Repair,"","",pbmat_944de00bd37e47dca194518f06bef990,2382293,Dielectric gas union - 3/4 FIP-C IMP DIELEC UNION LF,2382293,$6.11,$6.11,true,Each,false
Repair,"","",pbmat_2f18361ee2b54cd9b4ac7672e3c192d1,X00589807,"3/4"" x 50' underground gas pipe with two risers and tracing wire  - CGL-0750 3/4X50 PGL 1 ON 1 OFF WITH TW",X00589807,$403.58,$403.58,true,Each,false
Install,Drainage,Condensate pumps,pbmat_30ca8f0bf2874928ae6c49fbc755fd2f,CP22,CONDENSATE PUMP 120VW/SWITCH 22',CP22,$70.03,$70.03,true,Each,false
Repair,"","",pbmat_f906b9cd5f9d4081ba95250754b86f0d,687472446248,TX Valve - TX valve 3 TON R410A,687472446248,$365.22,$365.22,true,Each,false
Repair,"","",pbmat_9dc43ea292844318aeb6f5f6579497ce,687472164272,Filter-drier,687472164272,$93.54,$93.54,true,Each,false
Repair,"","",pbmat_1a0a01201e114cb497eb103afad72b48,687472180937,Sight glass,687472180937,$53.59,$53.59,true,Each,false
Repair,"","",pbmat_785c5e75e4624caf86b6c6e42a90bc89,ACB2UA627W,"Fan cycle switch (R22, R407C) - Fan cycle switch cut in 400psi cut out 300psi",ACB2UA627W,$25.99,$25.99,true,Each,false
Repair,"","",pbmat_103205515293485b8686834f52c61571,777980014883,Relay - Relay with 240V coil,777980014883,$16.60,$16.60,true,Each,false
Install,Miscellaneous,"",pbmat_269dd821fe4d4ba6941a34c2192094e7,1000181137,Pink Batt Insulation (16 Pieces) - Owens Corning R-20 PINK NEXT GEN FIBERGLAS Insulation 15-inch x 47-inch x 6-inch,1000181137,$130.52,$130.52,true,Per Bag,false
Install,Miscellaneous,"",pbmat_26e73b50b8634d5e84cf43e7cc7883a3,XXXXXX,Flexible underbelly liner for manufactured home https://www.amazon.ca/Mobile-Flex-Bottom-Board-Material/dp/B07HJHDYLN,,$224.70,$224.70,true,Each,false
Equipment,Fujitsu,"",pbmat_d6f1c7d75f944b2ab1a2dc18f8faf962,AOUH24LUAS1,"Airstage H-Series mini split outdoor unit 24,000 BTU

Brand: Fujitsu
Outdoor model number: AOUH24LUAS1
Indoor model number(s): AMUG24LMAS
Heat Pump AHRI number: 211078835
Tonnage: 2
HSPF2: 10.00
SEER2: 18.80",AOUH24LUAS1,$2883.84,$2883.84,true,Each,false
Repair,"","",pbmat_694f225b3d104052a34fc51b61eab560,260271,"1"" Flexible gas piping - GasTite 1"" S93 Series S93-16A4-300 Corrugated 304 Stainless",260271,$10.42,$10.42,true,per foot,false
Repair,"","",pbmat_47eaaa523d2c42d7862c8208988ae57d,260302,Gastite connector - TiteFlex GasTite XR3FTG Series XR3FTG-16-12 1 CA360 Brass Straight,260302,$54.11,$54.11,true,Each,false
Repair,"","",pbmat_721dea5b650242419b05af6aee7d4526,324012,"1"" Gas Ball Valve - M A Stewart Kitz 58 SER 05400288 1 Forged BRS COMM 2PC FP Ball Valve LVR HDL FIP 600PSI F/Water Oil Gas W/PTFE Seat",324012,$27.98,$27.98,true,Each,false
Repair,"","",pbmat_d46cafb1b87d452c8ac2298f634b49f1,XXXXXX,Control board - *Warranty - No Charge* Tosot V21 Replacement Control Board,,$0.00,$0.00,true,Each,false
Repair,"","",pbmat_bcff72c7e1c94729a6d96e03627ec5eb,3785,Blower fan motor - 1/3 HP Torsion Flex Fan Motor,3785,$230.41,$230.41,true,Each,false
Repair,"","",pbmat_0b2b3e2e3c834971a70493683538157e,RC7-370,Capacitor - Motor capacitor 7 mFD,RC7-370,$19.24,$19.24,true,Each,false
Repair,"","",pbmat_c857130a6dc144518fc9ec31b0510b91,61730,Contactor - Contactor 40A 1 pole 1 shunt 24v coil,61730,$30.81,$30.81,true,Each,false
Repair,"","",pbmat_0164bfe3b90645a29af22403e10fb81a,10-370/440V,Capacitor,10-370/440V,$11.74,$11.74,true,Each,false
Equipment,Fujitsu,"",pbmat_ecb6d14cda2e443a8c04fec333308f52,AOU12RLFF,"Outdoor Heat Pump Condensing unit 12,000 btu",AOU12RLFF,$1476.96,$1476.96,true,Each,false
Equipment,Fujitsu,"",pbmat_4b726caffc2e489794cbbecbcbdfba9d,AGU12RLF,"Fujitsu floor console indoor unit 12,000 btu",AGU12RLF,$1268.16,$1268.16,true,Each,false
Equipment,Fujitsu,"",pbmat_9ea8565e0a6f4fd5843d4e3d01553232,ASUH24LPAS,"Airstage high wall indoor unit 24,000 btu",ASUH24LPAS,$1313.28,$1313.28,true,Each,false
Equipment,Fujitsu,"",pbmat_e3cce0eaa4e746d4966dba304456c2b5,AGU9RLF,"Fujitsu floor console indoor unit 9,000 btu",AGU9RLF,$1162.56,$1162.56,true,Each,false
Equipment,Fujitsu,"",pbmat_8b0331c33318443ca8e14b156a6ec543,ASUH18LPAS,"Fujitsu high wall indoor unit 18,000 btu",ASUH18LPAS,$1182.24,$1182.24,true,Each,false
Install,Mounting,"",pbmat_691dc3ba92464b8ca153e46f6f071658,HPR62P,"6"" heat pump riser",HPR62P,$10.99,$10.99,true,Each,false
Install,Mounting,"",pbmat_d2e90c9dc9c9472b8963ee1a8fa06ca5,UC36363,Equipment pad - ULTRALITE PAD 36X 36X 3,UC36363,$127.80,$127.80,true,Each,false
Equipment,Bradford White,"",pbmat_ec3bc5c65b4d4c7c8b5522170b9e4c43,RE250S6-1NCPP,Bradford White 50USG Electric Water Heater - RE250S6-1NCPP,RE250S6-1NCPP,$675.79,$675.79,true,Each,false
Install,Mounting,"",pbmat_b92e09809a604cb08b2d0474c07f04c0,87733,Rectorseal® - Wall Condenser Bracket - 300 lb. Capacity with Powdercoat,87733,$139.74,$139.74,true,Each,false
Equipment,Moovair,"",pbmat_c65e5e42477b4437a66c64ee9d027d70,DMA12HOS21115S1,MOOVAIR OUTDOOR UNIT H/P 12000 BTU 21S 115V,DMA12HOS21115S1,$801.50,$801.50,true,Each,false
Equipment,Moovair,"",pbmat_5ed4ba6500814728a3ec934788bf0a94,DMA12HIW21115S1,MOOVAIR WALLMOUNT INDOOR UNIT H/P 12000 BTU 21S 115V,DMA12HIW21115S1,$262.00,$262.00,true,Each,false
Equipment,Fujitsu,"",pbmat_9b63e924ffc54e7884a2e8f6cd4b846d,AOUH30LUAS1,"Airstage H-Series mini split outdoor unit 30,000 BTU

Brand: Fujitsu
Outdoor model number: AOUH30LUAS1
Indoor model number(s): AMUG30LMAS
Heat Pump AHRI number: 211078838
Tonnage: 2.5
HSPF2: 9.50
SEER2: 18.50",AOUH30LUAS1,$3480.96,$3480.96,true,Each,false
Repair,"","",pbmat_446043f2f7a9453d92066ac92a387596,0202A00233S,Evaporator Coil - COIL TUBING ASSY,0202A00233S,$2206.34,$2206.34,true,Each,false
Maintenance,"","",pbmat_bac2be1274d24ecb8f2bdb247cc3b5e5,A39,Belt,A39,$18.75,$18.75,true,Each,false
Repair,"","",pbmat_10189ce37bb94e1e93c0197498f48575,CAP44200F,Capacitor - CAP. RUN 20/440V,CAP44200F,$13.36,$13.36,true,Each,false
Install,Mounting,"",pbmat_b4f6050d061d4b54a76ce0e15aae8daf,UC24303,Equipment Pad - ULTRALITE PAD 24 X 30 X 3,UC24303,$73.78,$73.78,true,Each,false
Install,Drainage,Condensate neutralizer,pbmat_272a52adfb1d4406acbe5b1f079c3e7d,NC1W,Condensate neutralizer - NEUTRAPAL VERTICAL WALLMOUNT,NC1W,$80.72,$80.72,true,Each,false
Equipment,Daikin,"",pbmat_6288cd56e40e4394bc4edef2e3a0f067,4MXL36WVJU9,"Brand: Daikin
Outdoor model number: 4MXL36WVJU*
Indoor units: Non-ducted
Heat Pump AHRI number: 210722666
Tonnage: 3
HSPF2: 9.00
SEER2: 20.00",4MXL36WVJU9,$4909.05,$4909.05,true,Each,false
Equipment,Daikin,"",pbmat_a273b9bb4f3f4716aa01cd9ddb47d432,FTXR18WVJUW9,"Daikin 18,000 EMURA Wall Mount Heat Pump White",FTXR18WVJUW9,$1105.96,$1105.96,true,Each,false
Equipment,Daikin,"",pbmat_8c0846fef8bb41f1b0b4ccf88ffbe21d,FTXR12WVJUW9,"Daikin 12,000 EMURA Wall Mount Heat Pump White",FTXR12WVJUW9,$873.02,$873.02,true,Each,false
Equipment,Daikin,"",pbmat_981c22db76a347b697e0bb8ab9f14407,FTXR09WVJUW9,"Daikin 9,000 EMURA Wall Mount Heat Pump White",FTXR09WVJUW9,$756.33,$756.33,true,Each,false
Equipment,Daikin,"",pbmat_277fbb6be33c477fb0980eb6bdb07dfa,FTXS12WVJU9,"Daikin 12,000 LV Wall Mount Heat Pump White",FTXS12WVJU9,$616.04,$616.04,true,Each,false
Equipment,Daikin,"",pbmat_afa95ea5821e49598d9e7e34f0b260f3,FTXS12WVJU9,"Daikin 9,000 LV Wall Mount Heat Pump White",FTXS12WVJU9,$602.32,$602.32,true,Each,false
Equipment,Daikin,"",pbmat_be33acbdf3c545828027811698613870,FTXS15WVJU9,"Daikin 15,000 LV Wall Mount Heat Pump White",FTXS15WVJU9,$689.40,$689.40,true,Each,false
Equipment,Daikin,"",pbmat_2f2cd69f167b49ad8f395d57ba6ab0f4,CTXS07WVJU9,"Daikin 7,000 Wall Mount Heat Pump White",CTXS07WVJU9,$532.82,$532.82,true,Each,false
Install,Controls,Thermostats,pbmat_9cc590f1387841a9b4fd6252edd0e5dc,88006654,INVITA WIFI T564 THERMOSTAT WITH INTERFACE WHITE FRAME,88006654,$344.27,$344.27,true,Each,false
Install,Controls,Thermostats,pbmat_2fbed19da1b7443d8ec216c28c3bd660,T070,"Outdoor sensor - TEKMAR OUTDOOR SENSOR, -60/140°F, 10KOHM",T070,$52.28,$52.28,true,Each,false
Install,Mounting,"",pbmat_567aff7a1d9a4b2da90803fb85345091,UC32323,Equipment pad - ULTRALITE PAD 32 X 32 X 3,UC32323,$99.56,$99.56,true,Each,false
Equipment,VanEE,"",pbmat_c13185c3945348fa8e570afb20f866c9,40250,HRV wall controller - WALL CONTROL V98 BRONZESERIE,40250,$68.13,$68.13,true,Each,false
Equipment,VanEE,"",pbmat_af214cca651c43e7aa33e5cb45f3f0a9,44600,Heat recover ventilator - VanEE HRV AIR EXCHANGER 50H VERTICAL DISCH.,44600,$991.48,$991.48,true,Each,false
Equipment,VanEE,"",pbmat_170b7df2809341caba6fc78cb1cc7066,19255,Wall mount kit - VanEE WALL MOUNT BRACKET KIT,19255,$36.07,$36.07,true,Each,false
Repair,"","",pbmat_e3c476172de54a8a96d0d350c5f4dc5f,OA109AP-11-1TB,Fireplace fans - 120MM 120 VAC Axial Fan,OA109AP-11-1TB,$46.08,$46.08,true,Each,false
Repair,"","",pbmat_73d9e2f7b6f54f0386dd343aa94e5e2c,FP1903,Fireplace fan wiring kit,FP1903,$160.75,$160.75,true,Each,false
Repair,"","",pbmat_497e9f4e0e0044b081086cab94e76fc3,C45-24,"Fan power cord - Fan Cord, 45deg Plug, Blunt Cut End, 2 Cond SPT-1 Cbl, 24"", 18 AWG",C45-24,$4.01,$4.01,true,Each,false
Equipment,Delta,"",pbmat_4d78718b86e0462ca5a60d00598aee78,SIG80110H,"Exhaust fan with humidity sensor - Delta-Breez 80/110 CFM, 0.3 sone, humidity sensor, prinicial ventilation",SIG80110H,$238.02,$238.02,true,Each,false
Repair,"","",pbmat_690e8701f9a5426ab6505fd23dd25477,Gas log set,,,$275.00,$275.00,true,Each,false
Repair,"","",pbmat_6a2d2e80da0448e2a9cc658c02c15482,TH1100DV1000,Honeywell - NON PROGRAMMABLE DIGITAL THERMOSTAT HEAT ONLY PRO 1000 mV,TH1100DV1000,$61.55,$61.55,true,Each,false
Equipment,Mitsubishi,"",pbmat_5c81e1026d53470b8648b471e0917fc7,PAA-A30BA,"P-Series intelli-HEAT 2.5 ton Cased Coil 17.5""",PAA-A30BA,$1971.37,$1971.37,true,Each,false
Repair,"","",pbmat_8bc46f7b873843318a4bc040962398cd,EAC1P24B-ALD,Air conditioning evaporator coil,EAC1P24B-ALD,$607.32,$607.32,true,Each,false
Equipment,Mitsubishi,"",pbmat_2395f197c7c84fb0914d48f37e341063,SVZ-KP30NA,Multi-positional ducted indoor unit,SVZ-KP30NA,$2401.60,$2401.60,true,Each,false
Equipment,Mitsubishi,"",pbmat_7fd93ebc342e4cc39dae076ff9537528,SUZ-KA18NAHZ,"Hyper Heat Outdoor Unit

Brand: Mitsubishi
Outdoor model number: SUZ-KA30NAHZ
Indoor model number(s): SVZ-KP30NA
Heat Pump AHRI number: 211273652
Tonnage: 2.5
HSPF2: 8.50
SEER2: 15.20",SUZ-KA18NAHZ,$6956.00,$6956.00,true,Each,false
Equipment,Mitsubishi,"",pbmat_fb57dd1c497a48219f8b23c9a4652566,PAA-A36BA,"P-Series intelli-HEAT Cased Coil

Brand: Mitsubishi
Outdoor: PUZ-HA36NKA*
Indoor: PAA-A36BA1
SEER2: 15.3
HSPF2: 9.5
AHRI: 209484153",PAA-A36BA,$2171.67,$2171.67,true,Each,false
Equipment,Mitsubishi,"",pbmat_a63ef21ef71e458b974f29d3f801a4de,DFK-M,Downflow conversion kit,DFK-M,$288.00,$288.00,true,Each,false
Equipment,Fujitsu,"",pbmat_07c865a1468e4078800765ca7e095012,AOU36RLAVM4,"Airstage J-Series VRF outdoor 36,000 btu
Brand: Fujitsu
Outdoor model number: 
Indoor model number(s): 
Heat Pump AHRI number: 
Tonnage: 3
HSPF2: 
SEER2: ",AOU36RLAVM4,$5509.50,$5509.50,true,Each,false
Equipment,Fujitsu,"",pbmat_ee94b38978044f2db51dfc3972e41051,ARUX30TLAV2,"Airstage J-series VRF air handler 30,000 btu",ARUX30TLAV2,$3098.00,$3098.00,true,Each,false
Equipment,Fujitsu,"",pbmat_ed5cafc410d14ba681147289145d0818,K00500LW,Fujitsu communication cable for VRF systems,K00500LW,$0.78,$0.78,true,per foot,false
Equipment,Fujitsu,"",pbmat_ed35ea80f8ce4505b0d7c48f6ef43f8f,UTPAX090A,Fujitsu VRF SEPARATIONTUBE -90000 BTU,UTPAX090A,$170.02,$170.02,true,Each,false
Equipment,Moovair,"",pbmat_d9bbe36e83514908916058a982801436,DMA18HOS21230S1,"Moovair -20C mini-split

Brand: Moovair
Outdoor model number: DMA18HOS21230S1
Indoor model number(s): DMA18HIW21230S1
Heat Pump AHRI number: 207742486
Tonnage: 1.5
HSPF2: 8.70
SEER2: 19.00
",DMA18HOS21230S1,$954.00,$954.00,true,Each,false
Equipment,Moovair,"",pbmat_54b30438e23a4cecb6ad6cc7ead24d8b,DMA18HIW21230S1,MOOVAIR WALLMOUNT INDOOR UNIT H/P 18000 BTU 21SEER,DMA18HIW21230S1,$333.00,$333.00,true,Each,false
Equipment,Moovair,"",pbmat_a83fe90e695a45e0b5706cda3f6d916a,DMA18HOS21230S1,"Moovair -30C mini-split

Brand: Moovair
Outdoor model number: DMA18HOS28230E8
Indoor model number(s): DMA18HIW25230E8
Heat Pump AHRI number: 207742497
Tonnage: 1.5
HSPF2: 11.30
SEER2: 21.50
",DMA18HOS21230S1,$1630.35,$1630.35,true,Each,false
Equipment,Moovair,"",pbmat_edebbe7022c84a20a79d745c789accc7,DMA18HIW21230S1,MOOVAIR WALLMOUNT INDOOR UNIT H/P 18000 BTU 25 SEER* 230V,DMA18HIW21230S1,$555.75,$555.75,true,Each,false
Equipment,Fujitsu,"",pbmat_72e53a5548f44a968eaa7acb27277049,UTY-XWZXZG,Board connector for external contacts,UTY-XWZXZG,$21.98,$21.98,true,Each,false
Equipment,Fujitsu,"",pbmat_34eeff91080e4b37806ae29e3ce51ca7,AOUH12LUAS1,"12,000 BTU Single Zone Mid Static Duct System

Brand: Fujitsu
Outdoor model number: AOUH12LUAS1
Indoor model number(s): ARUH12LUAS
Heat Pump AHRI number: 207334301
Tonnage: 1
HSPF2: 10.50
SEER2: 19.10",AOUH12LUAS1,$1464.48,$1464.48,true,Each,false
Equipment,Fujitsu,"",pbmat_f2715fc205a84762baa4c2c822feca59,ARUH12LUAS,"Fujitsu 12,000 BTU Single Zone Mid Static Duct System",ARUH12LUAS,$1535.04,$1535.04,true,Each,false
Install,Mounting,"",pbmat_83b32076b3904350b8169dfd949f8839,399910004,"THREADED ROD 3/8"" X 10' Z",399910004,$7.33,$7.33,true,Each,false
Equipment,VanEE,"",pbmat_425b8b938fb44c0ab57d4f664a0fc63f,V230H75RS,HRV - AIR EXCHANGER AI2 SERIES HRV230CFM SIDE PORTS,V230H75RS,$1957.78,$1957.78,true,Each,false
Equipment,VanEE,"",pbmat_cd2e28e96e3249c2b7d132d10900221a,V180H75RT,HRV - AIR EXCHANGER AI2 SERIES HRV180CFM TOP PORTS,V180H75RT,$1672.13,$1672.13,true,Each,false
Repair,"","",pbmat_7dd8ca74d1bd475497398fd3f9b3e67b,11002015A00236,Fan motor - Carrier 40MAHBQ fan motor,11002015A00236,$83.32,$83.32,true,Each,false
Repair,"","",pbmat_5fe2a6b25b6a454bae39897bfb09ecb5,12622000A00001,Carrier 40MAHBQ motor bearing,12622000A00001,$2.10,$2.10,true,Each,false
Equipment,Fujitsu,"",pbmat_b87616bc863a4a59a2946486afab5093,UTYRSRY,Fujitsu non-programmable simple controller,UTYRSRY,$185.50,$185.50,true,Each,false
Equipment,Fujitsu,"",pbmat_30cb29aa3ebc4232b74f1559e1908a0a,ADUH18LUAS1,"Fujitsu slim duct indoor unit 18,000 btu",ADUH18LUAS1,$1560.96,$1560.96,true,Each,false
Equipment,Mitsubishi,"",pbmat_4224cce50d2a4f289bc1fc00cdda68a1,PUMY-HP48NKMU2,"Multi-split H2i (Ducted)

Brand: Mitsubishi
Outdoor model number: PUMY-HP48NKMU2
Indoor model number(s): See materials
Heat Pump AHRI number: 211016655
Tonnage: 4
HSPF2: 9.50
SEER2: 16.00",PUMY-HP48NKMU2,$8987.20,$8987.20,true,Each,false
Equipment,Mitsubishi,"",pbmat_eadc4993db50424cbdb684aa65ceb594,PEAD-A09AA,Ducted indoor heat pump unit,PEAD-A09AA,$2049.60,$2049.60,true,Each,false
Equipment,Mitsubishi,"",pbmat_073d1b7c594643b49a7a9a59ef2bea4d,PEAD-A18AA,Ducted indoor heat pump unit,PEAD-A18AA,$2350.40,$2350.40,true,Each,false
Install,Controls,Thermostats,pbmat_055dce10d99245668527ffd72b9180a6,YTHM1004R3001,"T10+ Pro Smart kit with EIM, Wireless Indoor Sensor, Return & supply sensors",YTHM1004R3001,$428.43,$428.43,true,Each,false
Repair,"","",pbmat_0f3fcf948d6d43ce82ee1b4ef1e3bcd2,2PAMS-WIRE-CON,Wall controller,2PAMS-WIRE-CON,$104.75,$104.75,true,Each,false
Equipment,Moovair,"",pbmat_a6cb4765aea647b28068ae6f98d80bd1,DMA60HOS20230E7,"Moovair Central-Moov 5 Ton (Ducted)

Brand: Moovair
Outdoor model number: DMA60HOS20230E7
Indoor model number(s): FMA60HIAHUU230X7
Heat Pump AHRI number: 210295923
Tonnage: 5
HSPF2: 9.40
SEER2: 15.30",DMA60HOS20230E7,$3459.60,$3459.60,true,Each,false
Install,Refrigerant piping,Copper tubing,pbmat_1e1758f8d3244f819775dc89b18b63bc,EZB7850,"Refrigerant tubing 7/8"" x 50' EZB black coated lineset",EZB7850,$600.05,$600.05,true,Each,false
Install,Ductwork,Misc fittings,pbmat_06c0fea204af4becac116f4cc51e1e60,9020168,"Insulation 1"" x 48"" x 50' F/Duct Wrap W/Foil Scrim Kraft",9020168,$192.60,$192.60,true,Each,false
Equipment,Coleman,"",pbmat_f7153f9b8747410dabb7793dc2319097,TM9Y080B12MP11,ECM FURNACE X-13 2ST. 1200CFM 96% EFFICIENCY MOTOR 80000 BTU,TM9Y080B12MP11,$2413.11,$2413.11,true,Each,false
Equipment,Coleman,"",pbmat_dc08d449883e4c2c9dd17b3d0d9fd235,XAFB36DBCN1,UP/DN CASED 17.5W 3R20H TXV,XAFB36DBCN1,$948.87,$948.87,true,Each,false
Equipment,Coleman,"",pbmat_bc695b95bfaf4a48af097b71b638e151,HMH72B361S,"Condensing Unit Heat Pump, 3 Ton, 17 SEER, R-410A",HMH72B361S,$1849.00,$1849.00,true,Each,false
Repair,"","",pbmat_e881f29cce064d92a089aa032e94a6f6,K9312112142,ASUATLAV Drain pan,K9312112142,$0.00,$0.00,true,Each,false
Equipment,Coleman,"",pbmat_0ad1e0dd3fc640d096d4283654ae537a,HMH7AK001,INSTALL KIT HMH7 (X 13) MODEL SERIES,HMH7AK001,$118.18,$118.18,true,Each,false
Equipment,Samsung,"",pbmat_7a2ce4f8367b4d14976e07723fc4fa9b,*DISCONTINUED* AJ020CXS3CH/AA,"Max Heat FJM 20,000 BTU 3P
Brand: Samsung
Outdoor model number: AJ020CXS3CH
Indoor model number(s): Non-Ducted Indoor Units
Heat Pump AHRI number:         213353367
Tonnage: 1.67
HSPF2: 10.50
SEER2: 23.00",AJ020CXS3CH/AA,$2701.85,$2701.85,true,Each,false
Equipment,Samsung,"",pbmat_ce2774a8a1064531acb8a68a97a9f314,*DISCONTINUED* AJ024CXS4CH/AA,"Max Heat FJM 24,000 BTU 4P
Brand: Samsung
Outdoor model number: AJ024CXS4CH
Indoor model number(s): Non-Ducted Indoor Units
Heat Pump AHRI number:         213353368
Tonnage: 2
HSPF2: 10.40
SEER2: 23.00",AJ024CXS4CH/AA,$3112.56,$3112.56,true,Each,false
Equipment,Samsung,"",pbmat_dcc000d38c2d448d84c80c0980ef462f,AJ030TXS4CH/AA,"Brand: Samsung
Outdoor model number: AJ030TXS4CH
Indoor model number(s): Non-Ducted Indoor Units
Heat Pump AHRI number: 205291858
HSPF: 11.00
SEER: 19.00",AJ030TXS4CH/AA,$3728.21,$3728.21,true,Each,false
Equipment,Samsung,"",pbmat_df89cd6741a047d9ba15607290d3f51b,*DISCONTINUED* AJ030BXS4CH/AA,"Max Heat FJM 34,000 BTU 4P
Brand: Samsung
Outdoor model number: AJ036BXS4CH
Indoor model number(s): Non-Ducted Indoor Units
Heat Pump AHRI number: 207349920
Tonnage: 3
HSPF2: 9.30
SEER2: 21.50",AJ030BXS4CH/AA,$3000.88,$3000.88,true,Each,false
Equipment,Samsung,"",pbmat_cba8f52677d9403c98ab2c7a4280cc2c,AR07CSFCMWKNCV,"Samsung 7,000 BTU/Hr WindFree 3.0e Wall Mounted",AR07CSFCMWKNCV,$506.41,$506.41,true,Each,false
Equipment,Samsung,"",pbmat_5feb22ab0ab540b6b1a9eba11b424ae4,AR09CSFCMWKNCV,"Samsung 9,000 BTU/Hr WindFree 3.0e Indoor",AR09CSFCMWKNCV,$515.76,$515.76,true,Each,false
Equipment,Samsung,"",pbmat_22923bffda3441b98db53eab594fad37,AR12CSFCMWKNCV,"Samsung 12,000 BTU/Hr WindFree 3.0e Indoor",AR12CSFCMWKNCV,$537.56,$537.56,true,Each,false
Repair,"","",pbmat_1b79790612c94c4dafb6a41cec5ba84e,16x25x1 pleated filter,Filter,,$15.00,$0.00,true,Each,false
Equipment,Coleman,"",pbmat_a44195d1e21e4796aadfeba523fcbedb,Z9ES040A10SMPS1,Standard ECM 96% AFUE 40000 BTU 1000 CFM Gas Furnace,Z9ES040A10SMPS1,$1925.53,$1925.53,true,Each,false
Equipment,Coleman,"",pbmat_aede2f5aca7e406e8b00870ea919501e,Z9ES060A10SMPS1,Standard ECM 96% AFUE 60000 BTU 1000 CFM Gas Furnace,Z9ES060A10SMPS1,$1741.86,$1741.86,true,Each,false
Equipment,Coleman,"",pbmat_6ee23e05eec64764bf4e458f3d1e6c6b,HMH72B341S,"Condensing Unit Heat Pump, 3 Ton, 17 SEER, R-410A",HMH72B341S,$1946.74,$1946.74,true,Each,false
Equipment,Coleman,"",pbmat_a081fb7f0a734b469a80f2191d1cd5ef,TM9Y060B12MP11,ECM FURNACE X-13 2ST . 1200CFM 96% EFFICIENCY MOTOR 60000 BTU,TM9Y060B12MP11,$1995.06,$1995.06,true,Each,false
Equipment,Coleman,"",pbmat_2e5b4ec31d87483eaa626de467a69fcb,TM9V080B12MP12C,"ECM FURNACE 2ST. 1600CFM 96% MP COMM. MOTOR 80000 BTU, TM9V080C16MP12C",TM9V080B12MP12C,$2741.49,$2741.49,true,Each,false
Equipment,Coleman,"",pbmat_6fc8f983a55f46d08093692bc6abe41c,HMH7AK002,INSTALL KIT HMH7 (ECM) 17S MODEL SERIES - HMH7 Adapter Kit,HMH7AK002,$143.11,$143.11,true,Each,false
Equipment,Coleman,"",pbmat_bd105124d8c144aa81910c48b9098eff,TM9V080C16MP12,"ECM FURNACE 2ST. 1600CFM 96% MP COMM. MOTOR 80,000 BTU",TM9V080C16MP12,$2741.49,$2741.49,true,Each,false
Equipment,Coleman,"",pbmat_23d6d466dad743a6ae6fb2c3ac31190b,CM38CE2A1,MULTI POS COIL WITH EEV,CM38CE2A1,$1601.32,$1601.32,true,Each,false
Equipment,Coleman,"",pbmat_ad133701d97f4eacaedb7fbc47972502,HC20B4821,"Modulating Heat Pump, 4 Ton, 20 SEER, R-410A",HC20B4821,$7050.66,$7050.66,true,Each,false
Equipment,Coleman,"",pbmat_6347c98d7fb541538deba70fb2c51d30,CM50CE3A1,MULTIPOSITION COIL WITH EEV,CM50CE3A1,$2193.85,$2193.85,true,Each,false
Equipment,Coleman,"",pbmat_92be5ef89da149ecbd5dc43ba35c27eb,THXU430W,Thermostat - Hx3 Touch Screen Thermostat,THXU430W,$773.79,$773.79,true,Each,false
Install,Flue,"",pbmat_7ae93fcb71f74f9a952d5272f98580a5,196984,"IPEX PVC FGV Termination Side Vent Wall Kit, 2""",196984,$55.53,$55.53,true,Each,false
Install,Gas ,"",pbmat_49fdc89755c84a67b9ddcf70cbf14be2,BV2103HCGA,"PROP. BALL VALVE 1"" FPTCGA",BV2103HCGA,$16.41,$16.41,true,Each,false
Install,Gas ,"",pbmat_89a2eede88d9475ba1008b64754c343b,1WFBC,"Gas pipe ground bond clamp - BONDING CLAMP 3/8 - 1"" WARD FLEXIBLE",1WFBC,$9.64,$9.64,true,Each,false
Install,Gas ,"",pbmat_e7e1d4c6e81d4504becfdc3575ce50d9,9560783,"BBQ quick connect - Fairview Gas-Flo NGO-3 Outlet Box 3/8"" F/BBQ W/SS Cover",9560783,$84.92,$84.92,true,Each,false
Repair,"","",pbmat_5dc365517e8048ca9bbe56d2f9385eb5,11U065NA1,METAL DISCONNECT SWITCH 60A 240V 1PH FUSELESS,11U065NA1,$53.36,$53.36,true,Each,false
Repair,"","",pbmat_3b5fd13fd50f453fb5436ffa1604073e,11U065NA1,METAL DISCONNECT SWITCH 60A 240V 1PH FUSELESS,11U065NA1,$52.43,$52.43,true,Each,false
Equipment,Rheem,"",pbmat_21020582d82948f3ab1bb738ab4759bf,PROG40S-38N CN62,Heat pump water heater - Rheem Heat Pump Water Heater (42G 15A),PROG40S-38N CN62,$2696.42,$2696.42,true,Each,false
Install,Gas ,"",pbmat_1b83ee6561ce43cf95d4793c7bc9c1f2,5521240,"Ecco MFG E/V 301044 Liner Kit 4"" x 25' F/Chimney",5521240,$149.18,$149.18,true,Each,false
Equipment,Rheem,"",pbmat_32287012f414458687a54aa1761d665f,PROPG50-50UCNHEEC3-42G,Maximum Heat Pump Water heater,PROPG50-50UCNHEEC3-42G,$0.00,$0.00,true,Each,false
Equipment,Rheem,"",pbmat_6619b9cbfc1a43788e9d6b2c6df7d565,CPROPH65 T2 RH400-SO,Heat pump water heater - CPROPH65 T2 RH400-SO - Rheem Heat Pump Water Heater 54G LEAKGUARD,CPROPH65 T2 RH400-SO,$3551.70,$3551.70,true,Each,false
Equipment,Coleman,"",pbmat_d0156eb06ab846dcae76eed97aef19c4,HMH72B241S,"Central Air Heat Pump, 2 Ton, 17 SEER, R-410A",HMH72B241S,$1914.54,$1914.54,true,Each,false
Equipment,Coleman,"",pbmat_397b9aeb6d7348eba1d7f44b5e81cca7,Z9ES040A10SMPS1,2 STAGE ECM 96% AFUE 40000 BTU 1000 CFM,Z9ES040A10SMPS1,$1842.40,$1842.40,true,Each,false
Install,Controls,Thermostats,pbmat_e32eba0cf35a48719f5fd801ef45fba0,C7089U1006,Honeywell wired outdoor temperature sensor,C7089U1006,$58.85,$58.85,true,Each,false
Install,Mounting,"",pbmat_ee6003f22b35451789999c34453e21bf,UC24483,Equipment pad - ULTRALITE PAD 24 X 48 X 3,UC24483,$109.65,$109.65,true,Each,false
Install,Drainage,Pipe and fittings,pbmat_b6e928c6683a4e2ebb1633f93e620fc3,5447007,Drain cap - PVC 3/4 CAP,5447007,$0.57,$0.57,true,Each,false
Install,Drainage,Pipe and fittings,pbmat_9db3c8b8b2eb4af4a5cb0e826cdd97d7,DTK113B,"PVC Drain U-Trap Kit With Brush, 3/4"" Female x 3/4"" Female",DTK113B,$31.14,$31.14,true,Each,false
Equipment,Fujitsu,"",pbmat_b31937ee90d046c6bdf0c7fb4f6ad400,AOUH12LMBH1,"Infinite Comfort Series Outdoor 12,000 btu

Brand: Fujitsu
Outdoor model number: AOUH12LMBH1
Indoor model number(s): ASUH12LMAS
Heat Pump AHRI number: 210191037
Tonnage: 1
HSPF2: 11.00
SEER2: 23.00",AOUH12LMBH1,$1256.64,$1256.64,true,Each,false
Equipment,Fujitsu,"",pbmat_889e2a8be8fb4eb38516e07b0c2641ae,AOUH12LPAS1,"Infinite Comfort Series Outdoor 2 Ton

Brand: Fujitsu
Outdoor model number: AOUH12LPAS1
Indoor model number(s): ASUH12LPAS
Heat Pump AHRI number: 206909901
Tonnage: 1
HSPF2: 10.50
SEER2: 20.00",AOUH12LPAS1,$743.52,$743.52,true,Each,false
Equipment,Fujitsu,"",pbmat_0271a08d9cda4647a112022b8b9aaca8,AOUG12LZAH1,"Infinite Comfort Series Outdoor 12,000 btu

Brand: Fujitsu
Outdoor model number: AOUG12LZAH1
Indoor model number(s): ASUG12LZBS
Heat Pump AHRI number: 206597211
Tonnage: 1
HSPF2: 12.70
SEER2: 29.40",AOUG12LZAH1,$1592.64,$1592.64,true,Each,false
Install,Controls,Thermostats,pbmat_68e2a5eb189b4f518e082a48f624b3c8,TH6320U2008,Thermostat - T6 Pro Programmable Thermostat 3H/2C,TH6320U2008,$190.20,$190.20,true,Each,false
Equipment,Coleman,"",pbmat_6fb5bb90c87f43c5b963e3ec1b95d618,TM9V040A10MP12C,"40,000 BTU 96% Two-Stage Furnace, Variable Speed ECM Motor",TM9V040A10MP12C,$2145.08,$2145.08,true,Each,false
Equipment,Coleman,"",pbmat_984ba5703e854d70b1ea1e0cf1f139dd,TM9V060B12MP12C,"60,000 BTU 96% Two-Stage Furnace, Variable Speed ECM Motor",TM9V060B12MP12C,$2215.62,$2215.62,true,Each,false
Equipment,Coleman,"",pbmat_1cd5a70257094598bd6941e77f099133,CTF30A5ADS1,Upflow/downflow coil with RDS sensor for R-454B,CTF30A5ADS1,$1006.48,$1006.48,true,Each,false
Equipment,Coleman,"",pbmat_06dbca2ceea24d5aab23f8c0f1b0103f,CTF36B5CDS1,Upflow/downflow coil with RDS sensor for R-454B,CTF36B5CDS1,$1020.69,$1020.69,true,Each,false
Equipment,Coleman,"",pbmat_5825fa85c97844a8977955f3e628b951,HH824E2S11,"HH8 Side-Discharge Heat Pump 24,000 BTU",HH824E2S11,$2034.63,$2034.63,true,Each,false
Equipment,Coleman,"",pbmat_a1b4c66dd1334ad5bb13faafe0aed120,HH836E2S11,"HH8 Side-Discharge Heat Pump 36,000 BTU",HH836E2S11,$2557.74,$2557.74,true,Each,false
Equipment,Rinnai,"",pbmat_d462bbe836cc41ca8f9923a8979e2d5f,RX199IN,Rinnai Sensei RX199IN Condensing Tankless Water Heater,RX199IN,$2195.20,$2195.20,true,Each,false
Equipment,Panasonic,"",pbmat_22be75d326f041c4a3989b593b283e25,FV-VS15VK1,"It allows you to select the proper CFM settings to satisfy ASHRAE 62.2 continuous ventilation requirements. The fan runs continuously at a pre-set lower level (0, 30-100 CFM, in 10 CFM increments), then elevates to a maximum level of operation (50-80-110 CFM) when the wall switch is turned on or when the motion sensor or Condensation Sensor module is activated. A High/Low delay timer returns the fan to the pre-set CFM level after a period set by the user. Multi-Speed with Time Delay",FV-VS15VK1,$61.29,$61.29,true,Each,false
Equipment,Panasonic,"",pbmat_4c69b35fdc6044a4a8132fd398b6bc94,FV-CMVK3,"It turns the base fan on or boosts to a higher speed when condensation or motion is detected. Thanks to advanced automation, the installer or user can choose the desired operation. Only one slot is required.",FV-CMVK3,$107.00,$107.00,true,Each,false
Equipment,Panasonic,"",pbmat_9834464e798741e9b78367f3e0b70005,FV-0511VKS3,"Customizable ceiling mount ventilating fan, low sone and rated for continuous operation.WhisperGreen Select ventilation fan",FV-0511VKS3,$319.49,$319.49,true,Each,false
Maintenance,"","",pbmat_5b7fcbe977e54f50a7167052805e9e8b,437188,Tri-Power HD Coil Cleaner - 1 Gallon,437188,$34.45,$34.45,true,Each,false
Install,Refrigerant piping,Copper tubing,pbmat_b2eea4951085426c88e1bebc3cd24d7f,EZB58164,"Refrigerant tubing 5/8"" EZB black coated lineset",EZB58164,$1037.93,$1037.93,true,Each,false
Install,Refrigerant piping,Pipe insulation,pbmat_1471c2762949458c8f41142e0b784d7c,A5834,"PIPE INSULATION 5/8"" X 3/4"" X 6'",A5834,$1.89,$1.89,true,Each,false
Install,Refrigerant piping,Pipe insulation,pbmat_401961e1b77247d2b2d717c0cc57161c,A3834,"PIPE INSULATION 3/8"" X 3/4"" X 6'",A3834,$1.58,$1.58,true,Each,false
Install,Flue,"",pbmat_2049b220edb340ca8132ba71b89388e3,196242I,"Ipex PVC S636 Short Elbow, 45°, 2""",196242I,$5.71,$5.71,true,Each,false
Install,Flue,"",pbmat_4ba8912e5899448b9f866507e63a7e40,196122,"Ipex 196122 PVC S636 Female Elbow, 90°, 2""",196122,$6.87,$6.87,true,Each,false
Install,Cylinders,"",pbmat_6ae71d3597e6488395695cb7d7fd10ad,R454B91REF,R-454B Refrigerant for air conditioning and heat pump systems,R454B91REF,$30.81,$30.81,true,per pound,false
Maintenance,"","",pbmat_bcfa38cde66c47de8e7e8e7674249f81,GF4541,"GeneralAire Media Replacement Filter, MERV 11, 16"" x 25"" x 5"" (Replaces M1-1056)",GF4541,$33.71,$33.71,true,Each,false
Install,Ductwork,Round fittings,pbmat_57a38ad796f04543b19cec2d2988cec9,6661971,"Elbow 7"" Steel 26GA 90° Adjustable CROE F/Duct Galvanized",6661971,$10.69,$10.69,true,Each,false
Install,Ductwork,Round fittings,pbmat_293c8f4384684117bc19d04976960162,6713063,"Take-Off 7"" Square-Round Side Galvanized",6713063,$9.91,$9.91,true,Each,false
Install,Ductwork,Round fittings,pbmat_b8f640f5a9344ad78f85ea2a4dbbadc8,6660321,"Boot 4"" x 12"" x 7"" Angle Round-Rectangular 90° Galvanized",6660321,$22.02,$22.02,true,Each,false
Install,Ductwork,Round fittings,pbmat_52311c6a60a64fc5931bd15db7fede87,6710110,"Boot 4"" x 10"" x 4"" Round-Rectangular 90° End Galvanized",6710110,$10.40,$10.40,true,Each,false
Install,Ductwork,Round fittings,pbmat_1f2c91c20f55419d8907204b8264847f,6713016,"Boot 4"" x 10"" x 4"" Angle Round-Rectangular 90° Galvanized",6713016,$7.90,$7.90,true,Each,false
Install,Ductwork,Round fittings,pbmat_0d85969e06094dfda3b912daafc9be0b,6710114,"Boot 4"" x 10"" x 5"" Round-Rectangular 90° End Galvanized",6710114,$5.38,$5.38,true,Each,false
Install,Ductwork,Round fittings,pbmat_2d992e7b2dff4f928e857dc5f8c5611c,6713041,"Boot 4"" x 10"" x 6"" Round-Rectangular 90° End Galvanized",6713041,$5.64,$5.64,true,Each,false
Install,Ductwork,Round fittings,pbmat_caa2adadd12e41da99835223d2a4e488,6713046,"Boot 4"" x 10"" x 4"" Universal Round-Rectangular Straight Galvanized",6713046,$11.47,$11.47,true,Each,false
Install,Ductwork,Round fittings,pbmat_d9a2d8eb8c634f028e78c1d36e4c70dd,6713056,"Boot 4"" x 10"" x 6"" Universal Round-Rectangular Straight Galvanized",6713056,$5.64,$5.64,true,Each,false
Install,Ductwork,Round fittings,pbmat_580fdce8d4424ca9b4d73486ff0546ae,6710131,"Boot 4"" x 10"" x 5"" Angle Round-Rectangular 90° Galvanized",6710131,$5.38,$5.38,true,Each,false
Install,Ductwork,Round fittings,pbmat_a18fbdebcb8b4cc78bd02a84d6d56ba9,6713026,"Boot 4"" x 10"" x 6"" Angle Round-Rectangular 90° Galvanized",6713026,$5.64,$5.64,true,Each,false
Install,Ductwork,Round fittings,pbmat_e4646e59b9ae4cc29baa7330d3ae584a,6711387,"Boot 3"" x 10"" x 4"" Round-Rectangular 90° End Galvanized",6711387,$4.58,$4.58,true,Each,false
Install,Ductwork,Round fittings,pbmat_f2c898101ef54bbc9578e7daaaa7d780,6710122,"Take-Off 4"" Square-Round Top Galvanized",6710122,$3.84,$3.84,true,Each,false
Install,Ductwork,Round fittings,pbmat_08a97174a0de45f2b0d9274dbfd58c16,6713003,"Take-Off 5"" Square-Round Top Galvanized",6713003,$3.84,$3.84,true,Each,false
Install,Ductwork,Round fittings,pbmat_5fe809c5c04643999cd1d6329a2a0515,6713004,"Take-Off 6"" Square-Round Top Galvanized",6713004,$4.53,$4.53,true,Each,false
Install,Ductwork,Round fittings,pbmat_4410b40eba674d8a9d3775e7bcf13c45,6713005,"Take-Off 7"" Square-Round Top Galvanized",6713005,$13.11,$13.11,true,Each,false
Install,Ductwork,Round fittings,pbmat_aedfabc7b0a042159b2dba7480ff4f2b,6713006,"Take-Off 8"" Square-Round Top Galvanized",6713006,$10.96,$10.96,true,Each,false
Install,Ductwork,Round fittings,pbmat_f223cb9e8ac143e08a969a4d2e0fa149,6713008,"Take-Off 10"" Square-Round Top Galvanized",6713008,$28.38,$28.38,true,Each,false
Install,Ductwork,Rectangle duct,pbmat_ce0a33a69a704c299ff664a4a9ff19cd,6710415,"Cap 8"" x 8"" Metal End F/Duct",6710415,$6.71,$6.71,true,Each,false
Install,Ductwork,Rectangle duct,pbmat_a6dc8c275459414bbf9378b668b1a6b7,6719369,"Cap 10"" x 10"" Steel End F/Duct",6719369,$8.96,$8.96,true,Each,false
Install,Ductwork,Rectangle duct,pbmat_911c695c007b404eb7cf59dbb67d90d1,6660310,"Cap 12"" x 10"" Steel End F/Duct",6660310,$9.72,$9.72,true,Each,false
Install,Ductwork,Rectangle duct,pbmat_94cf9c5c72c84cf7b07e14fb9c4755c9,6660096,"Cap 16"" x 10"" Steel End F/Duct",6660096,$11.29,$11.29,true,Each,false
Install,Ductwork,Rectangle duct,pbmat_3f9412d241c4432685b706eb69970189,6660243,"Cap 14"" x 10"" Steel End F/Duct",6660243,$10.11,$10.11,true,Each,false
Install,Ductwork,Rectangle duct,pbmat_96ff68a449d24cc293365e71cfb59e59,6714032,"Cap 24"" x 10"" Steel End F/Duct",6714032,$14.46,$14.46,true,Each,false
Install,Ductwork,Rectangle duct,pbmat_5abd9200b62c41d299f23279f5245fba,6668461,"Cap 20"" x 10"" Steel End F/Duct",6668461,$13.02,$13.02,true,Each,false
Install,Ductwork,Rectangle duct,pbmat_80d57737548944e7acb8f2af0e692d61,6718023,"Cap 18"" x 10"" Steel End F/Duct",6718023,$12.02,$12.02,true,Each,false
Install,Ductwork,Rectangle duct,pbmat_d5e1ff64677a4f50a7eecb6cabc21fa4,6710416,"Cap 10"" x 8"" Metal End F/Duct",6710416,$7.18,$7.18,true,Each,false
Install,Ductwork,Rectangle duct,pbmat_fa8fced459b04c55ac111580e1a9d9b2,6710419,"Cap 16"" x 8"" Metal End F/Duct Galvanized",6710419,$8.85,$8.85,true,Each,false
Install,Ductwork,Rectangle duct,pbmat_12d091942ee246f8abbe92652c2c1be3,6710797,"Cap 14"" x 8"" Metal End F/Duct Galvanized",6710797,$7.46,$7.46,true,Each,false
Install,Ductwork,Rectangle duct,pbmat_fd33a172c99441a7ac97dccd316ad5df,6719683,"Cap 24"" x 8"" Metal End F/Duct Galvanized",6719683,$12.66,$12.66,true,Each,false
Install,Ductwork,Rectangle duct,pbmat_ed918471539f42488e7e41b07835a718,6710420,"Cap 18"" x 8"" Metal End F/Duct Galvanized",6710420,$10.84,$10.84,true,Each,false
Install,Ductwork,Rectangle duct,pbmat_4d5d1e4928a84c54838675c912e0f018,6710421,"Cap 20"" x 8"" Metal End F/Duct Galvanized",6710421,$10.44,$10.44,true,Each,false
Install,Ductwork,Rectangle duct,pbmat_73a39c4002a044e0a2856315fc8f421e,6719370,"Cap 12"" x 8"" Metal End F/Duct Galvanized",6719370,$6.63,$6.63,true,Each,false
Install,Ductwork,Rectangle fittings,pbmat_f8980c1611224e13a31706f90dd575e7,6662145,"Take-Off 16"" x 8"" 4"" Rise F/Plenum",6662145,$40.67,$40.67,true,Each,false
Install,Ductwork,Rectangle fittings,pbmat_140ff0775ee9462aa76654b97093bad0,6662285,"Take-Off 20"" x 8"" 4"" Rise F/Plenum",6662285,$49.81,$49.81,true,Each,false
Install,Ductwork,Rectangle fittings,pbmat_efafc4bf93a3457c8d2946f2c6501157,6664962,"Take-Off 10"" x 8"" 4"" Rise F/Plenum",6664962,$35.22,$35.22,true,Each,false
Install,Ductwork,Rectangle fittings,pbmat_274a12e9d1f3473e8e8bfd7a3adb6546,6661645,"Take-Off 12"" x 8"" 2"" Rise F/Plenum",6661645,$36.52,$36.52,true,Each,false
Install,Ductwork,Rectangle fittings,pbmat_fdc52e0ed36d40439d9e3a3d8dbfde65,6662161,"Take-Off 18"" x 8"" 4"" Rise F/Plenum",6662161,$43.47,$43.47,true,Each,false
Install,Ductwork,Rectangle fittings,pbmat_950fa9a1c9454bf1b9cef934d47f6572,6662943,"Take-Off 14"" x 8"" 4"" Rise F/Plenum",6662943,$39.93,$39.93,true,Each,false
Install,Ductwork,Rectangle fittings,pbmat_835c556d587b4ede85ee7980e54781cb,6710174,"Reducer 14"" x 8-12"" x 8"" Steel F/Duct Galvanized",6710174,$28.74,$28.74,true,Each,false
Install,Ductwork,Rectangle fittings,pbmat_9ac93e3b2e5a41148e3f892cb71f2486,6710177,"Reducer 16"" x 8-12"" x 8"" Steel F/Duct Galvanized",6710177,$30.58,$30.58,true,Each,false
Install,Ductwork,Rectangle fittings,pbmat_d70c5ce345d64b848b95830fe5cd681e,6710179,"Reducer 18"" x 8-14"" x 8"" Steel F/Duct Galvanized",6710179,$36.21,$36.21,true,Each,false
Install,Ductwork,Rectangle fittings,pbmat_bfcd69891edc4cadbfaeb85411ded960,6710181,"Reducer 20"" x 8-18"" x 8"" Steel F/Duct Galvanized",6710181,$36.16,$36.16,true,Each,false
Install,Ductwork,Rectangle fittings,pbmat_5472929a1c0d44d3bf5db7bd8a51c323,6710175,"Reducer 14"" x 8-10"" x 8"" Steel F/Duct",6710175,$28.74,$28.74,true,Each,false
Install,Ductwork,Rectangle fittings,pbmat_f6ae69176aad4b37be76c57273257537,6710176,"Reducer 16"" x 8-14"" x 8"" Steel F/Duct Galvanized",6710176,$30.58,$30.58,true,Each,false
Install,Ductwork,Rectangle fittings,pbmat_d990274a359a4085b7e1cd5b769208f9,6710178,"Reducer 18"" x 8-16"" x 8"" Steel F/Duct",6710178,$36.21,$36.21,true,Each,false
Install,Ductwork,Misc fittings,pbmat_11c53d4f38d04fd790ad6d7e7c0a4bca,6712420,"ThermoPan Return Air Pan 16"" x 47.5""",6712420,$7.35,$7.35,true,Each,false
Install,Ductwork,Misc fittings,pbmat_010112c67fe94a53b49856ab0b005fe4,6719908,"Plenum 20-1/4"" x 19-3/4"" x 59"" W/Cap",6719908,$169.52,$169.52,true,Each,false
Install,Ductwork,Misc fittings,pbmat_23451ced5b55447c9dfb4589bbfe9155,6670750,"Primex 115-1208 DC4 Collar 4"" 4"" Plastic F/Diffuser Black",6670750,$8.57,$8.57,true,Each,false
Install,Ductwork,Misc fittings,pbmat_2ae7058aefeb4b0ab736eee0ab4b61ce,6670752,"Primex 115-0846 DC6 Collar 6"" 6"" Plastic F/Diffuser Black",6670752,$10.31,$10.31,true,Each,false
Install,Ductwork,Misc fittings,pbmat_162968480d594f6da14ab5d8e535bb97,6670751,"Primex 115-0845 DC5 Collar 5"" 5"" Plastic F/Diffuser Black",6670751,$9.23,$9.23,true,Each,false
Install,Ductwork,Diffusers & grilles,pbmat_e475a4180c53433ea29774a24de93624,6670490,"Grille 5"" Polymer Resin Round Whisper Adjustable White",6670490,$10.09,$10.09,true,Each,false
Install,Ductwork,Diffusers & grilles,pbmat_9135e79340ff4dc385927cbef2d8bba6,6670491,"Grille 6"" Polymer Resin Round Whisper Adjustable White",6670491,$10.07,$10.07,true,Each,false
Install,Ductwork,Diffusers & grilles,pbmat_5fdbb0763ee9420c90c1cce84c35cd15,6670489,"Grille 4"" Polymer Resin Round Whisper Adjustable White",6670489,$7.29,$7.29,true,Each,false
Install,Ductwork,Misc fittings,pbmat_ceaf16ab76e7411099799680328fe97f,8080029,"Brush 2"" Paint & Glue W/Wood Handle",8080029,$2.09,$2.09,true,Each,false
Install,Ductwork,Misc fittings,pbmat_865d10072dbc4db58e9d0cb1b29fd11e,9511502,"Tape 3"" x 50YD Aluminum Foil Silver",9511502,$23.54,$23.54,true,Each,false
Install,Ductwork,Misc fittings,pbmat_1d50f799721c464fb899d7c3d2fe502c,9024250,"Nashua Tape 2"" x 50YD Aluminum Foil W/Kraft Liner Silver",9024250,$16.05,$16.05,true,Each,false
Install,Controls,Thermostats,pbmat_6419d652e79345a78d6caf05604a134c,THM04R3000,Equipment interface module for Honeywell T10+,THM04R3000,$143.56,$143.56,true,Each,false
Install,Controls,Thermostats,pbmat_23454de7f47843ba9b97f7aad2086c52,THX321WF3003W,Honeywell T10+ Thermostat - Pro Smart with Redlink,THX321WF3003W,$264.40,$264.40,true,Each,false
Install,Refrigerant piping,Copper tubing,pbmat_3d3d2d5cbbee4cd0a8d159007c114ea3,DB1412050,"Refrigerant tubing 1/4"" x 50 ft ICOOL black coated lineset",DB1412050,$72.96,$72.96,true,Each,false
Install,Refrigerant piping,Copper tubing,pbmat_d83554aed47c424bba11bc42b7fbadd5,DB3812050,"Refrigerant tubing 3/8"" x 50 ft ICOOL black coated lineset",DB3812050,$100.52,$100.52,true,Each,false
Install,Refrigerant piping,Copper tubing,pbmat_6e0a9b61bc7240fcbc035c4098a15460,DB1212050,"Refrigerant tubing 1/2"" x 50ft ICOOL black coated line set",DB1212050,$126.81,$126.81,true,Each,false
Install,Refrigerant piping,Copper tubing,pbmat_7a45b8e610004b9ebdfeff1c3b8d1aef,DB5812050,"Refrigerant tubing 5/8"" x 50ft ICOOL black coated lineset",DB5812050,$193.42,$193.42,true,Each,false
Install,Refrigerant piping,Copper tubing,pbmat_a497670f1eaa4c2480bc12e01b608c51,DB3412050,"Refrigerant tubing 3/4"" x 50 ft ICOOL black coated lineset",DB3412050,$225.21,$225.21,true,Each,false
Install,Ductwork,Diffusers & grilles,pbmat_272e65bf33434ccb834003cb396c7a2d,628504055175,Aria Lite,628504055175,$29.96,$29.96,true,Each,false
Install,Ductwork,Diffusers & grilles,pbmat_5aa2edd6645e490bb5a6152455eda67e,628504055373,Fittes Floor Vent - Flush 4x10 Blk,628504055373,$57.78,$57.78,true,Each,false
Equipment,Fujitsu,"",pbmat_a5af4a1e7647419094ae56dcb6fefc39,UTYTFSXJ4,AMUG WiFi interface module for smart device control,UTYTFSXJ4,$155.52,$155.52,true,Each,false
Freight,"","",pbmat_b484c939c9674b1da3ae9c5eb76e851d,AIRFREIGHT,Cost for a rush order on a part to make it arrive as soon as possible.,AIRFREIGHT,$160.50,$160.50,true,Each,false
Permits,"","",pbmat_49b615269d434c81ad641b8bc610267c,PIPEPERMIT,Gas piping permit number:,PIPEPERMIT,$154.08,$154.08,false,Each,false
Permits,"","",pbmat_04e73222a1e84dd3b05c50b6ea0e63dd,APPPERMIT,Gas appliance permit number:,APPPERMIT,$154.08,$154.08,false,Each,false
Equipment,Samsung,"",pbmat_26cdfe816adc4ec98ca844ea3a9d9ca6,AR15CSFCMWKNCV,"Samsung 15,000 BTU/Hr WindFree 3.0e Wall Mounted Split System",AR15CSFCMWKNCV,$603.87,$603.87,true,Each,false
Subcontracting,"","",pbmat_aafc09edaa4648459e7b758317e9482a,FEEDOUTDOOR,"Our electrician will handle all necessary wiring, from the main breaker panel to the outdoor unit. This includes the permit, wiring, breaker, and testing.",FEEDOUTDOOR,$1100.00,$1100.00,true,Each,false
Subcontracting,"","",pbmat_8bcf44e587d146dd83e5b603b93cdc14,FEEDOUTDOORSUPP,"Our electrician will handle all necessary wiring, from the main breaker panel to the outdoor unit and supplemental heater. This includes the permit, wiring, breaker, and testing.",FEEDOUTDOORSUPP,$1600.00,$1600.00,true,Each,false
Equipment,Mitsubishi,"",pbmat_7b9fca8fde4a423d8a410d5d282f2b64,SUZ-KA30NAHZ,"Hyper Heat Outdoor Unit

Brand: Mitsubishi
Outdoor model number: SUZ-KA30NAHZ
Indoor model number(s): SVZ-KP30NA
Heat Pump AHRI number: 211273652
Tonnage: 2.5
HSPF2: 8.50
SEER2: 15.20",SUZ-KA30NAHZ,$6956.00,$6956.00,true,Each,false
Equipment,Mitsubishi,"",pbmat_f94dc69946f84ae591d6871f180816f4,PUMY-HP36NKMU2,"Multi-split H2i (Mixed)

Brand: Mitsubishi
Outdoor model number: PUMY-HP36NKMU2
Indoor model number(s): Mixed Ducted and Non-Ducted Indoor Units
Heat Pump AHRI number: 211016659
Tonnage: 3
HSPF2: 11.50
SEER2: 20.75",PUMY-HP48NKMU2,$8413.60,$8413.60,true,Each,false
Freight,"","",pbmat_d712189fed934687a565ffd0dd049b9f,SHIPPING,Cost for a rush order on a part to make it arrive as soon as possible.,SHIPPING,$220.00,$220.00,true,Each,false
Install,Electrical,"",pbmat_4012144759c84950af52083ce2d2941f,84987,"Receptacle Plate 4"" x 2"" Metal F/Duplex",84987,$3.83,$3.83,true,Each,false
Install,Plumbing,Accessories,pbmat_69bab729276447e1b2f2d8e763356d50,57880,FERNOX BOILER PROTECTOR 500ML F1,57880,$81.97,$81.97,true,Each,false
Install,Plumbing,Accessories,pbmat_88364597002a4e7a82bdfbac13d02ec3,200-W,KNURLED HOSE CONNECTION CAP 200-W,200-W,$1.78,$1.78,true,Each,false
Equipment,Coleman,"",pbmat_4435ac15431d4efc9b994fa987d88868,CTM36B5CDS1,Upflow/downflow coil with RDS sensor for R-454B,CTM36B5CDS1,$1141.76,$1141.76,true,Each,false
Repair,"","",pbmat_1e716228222d4387b47cd134dae80b70,FP0506,SIT Pilot Tubing With Nuts,FP0506,$24.81,$24.81,true,Each,true
Repair,"","",pbmat_2809600cc97a4e369c317af53c48ca63,FP0506,SIT Pilot Tubing With Nuts,FP0506,$23.42,$23.42,true,Each,true
Equipment,Bradford White,"",pbmat_9026eb60b19947ab810d044bc946591f,0695293,Bradford White 415-53340-01 Warranty 4-Year Upgrade Kit Extended F/A,0695293,$183.36,$183.36,true,Each,false
Install,Plumbing,Accessories,pbmat_f575e2a4abe2427b8dfec9748419dd0f,0695312,Reliance Quick Strap QS-U Bracket Mounting F/Expansion Tank,0695312,$28.04,$28.04,true,Each,false
Install,Plumbing,Accessories,pbmat_8c582303dbdc42bfb7f3dccb3e4535a8,0650800,"Watts PLT5 Series 0067370 8"" Steel Expansion Tank MNPT 150 PSI 200°F For Potable Water",0650800,$46.55,$46.55,true,Each,false
Install,Plumbing,Press copper fittings,pbmat_63c231dc469e4e75ada22628c9aa265c,0130101,"Adapter 1/2"" Press PRSF-MIP",130101,$5.74,$5.74,true,Each,false
Install,Plumbing,Press copper fittings,pbmat_066732106e634e6593b18bcd4953e565,0130103,"Adapter 3/4"" x 1/2"" LF Press PRSF-MIP",130103,$10.19,$10.19,true,Each,false
Install,Plumbing,Press copper fittings,pbmat_c748c9bc1da940fe99d2a6d463862f7c,0130104,"Adapter 3/4"" Press PRSF-MIP",130104,$10.29,$10.29,true,Each,false
Install,Plumbing,Press copper fittings,pbmat_2c16090d7f7e40c6a25e73700ee29f1a,0130115,"Adapter 1/2"" Press PRSF-FIP",130115,$6.91,$6.91,true,Each,false
Install,Plumbing,Press copper fittings,pbmat_e5069be568a84606a8bafc247342636f,0130116,"Adapter 1/2"" x 3/4"" LF Press PRSF-FIP",130116,$12.48,$12.48,true,Each,false
Install,Plumbing,Press copper fittings,pbmat_ff282bd4937544c1b04173e0d67f9a16,0130118,"Adapter 3/4"" Press PRSF-FIP",130118,$10.49,$10.49,true,Each,false
Install,Plumbing,Press copper fittings,pbmat_467b57405bdc412e8bcb2ccff48eabb1,0130146,"Coupling 1/2"" Copper PRSF W/Stop",130146,$4.15,$4.15,true,Each,false
Install,Plumbing,Press copper fittings,pbmat_83d7dc850bea428cb59b0ecb78277359,0130147,"Coupling 3/4"" Copper PRSF W/Stop",130147,$6.02,$6.02,true,Each,false
Install,Plumbing,Press copper fittings,pbmat_f9ae2847ae56472e96d5b0b10bbba636,0130152,"Coupling 1/2"" Copper COP W/EPDM O-Ring L/Stop",130152,$7.48,$8.00,true,Each,false
Install,Plumbing,Press copper fittings,pbmat_3006648393a5451cae0f8b61bf186385,0130162,"Elbow 1/2"" Copper 90° PRSF",130162,$5.06,$5.06,true,Each,false
Install,Plumbing,Press copper fittings,pbmat_939a8dc111db45cfb19dc3d8e470d3da,0130163,"Elbow 3/4"" Copper 90° PRSF",130163,$7.71,$7.71,true,Each,false
Install,Plumbing,Press copper fittings,pbmat_22db9eb8ad34459699829e36d8215847,0130168,"Elbow 1/2"" Copper 90° Street FTG-PRSF",130168,$4.77,$4.77,true,Each,false
Install,Plumbing,Press copper fittings,pbmat_f411c50fb3a64f759012ee86998d7759,0130174,"Elbow 1/2"" Copper 45° PRSF",130174,$4.02,$4.02,true,Each,false
Install,Plumbing,Press copper fittings,pbmat_5619f77999984c6c8ff61dd8264d1d3d,0130175,"Elbow 3/4"" Copper 45° PRSF",130175,$6.82,$6.82,true,Each,false
Install,Plumbing,Press copper fittings,pbmat_33c49718e4a342319a37e401559a1773,0130180,"Elbow 1/2"" Copper 45° Street FTG-PRSF",130180,$4.40,$4.40,true,Each,false
Install,Plumbing,Press copper fittings,pbmat_7ea1b2b39d6e4df7834f0f6a143f3146,0130181,"Elbow 3/4"" Copper 45° Street FTG-PRSF",130181,$6.46,$6.46,true,Each,false
Install,Plumbing,Press copper fittings,pbmat_07b0ae9861bc44f79c5954508d797192,0130205,"Coupling 3/4"" x 1/2"" Copper Reducing PRSF",130205,$17.77,$17.77,true,Each,false
Install,Plumbing,Press copper fittings,pbmat_fdf63a8793e64818b58eb280287d9037,0130220,"Tee 1/2"" Copper PRSF W/EPDM",130220,$6.83,$6.83,true,Each,false
Install,Plumbing,Press copper fittings,pbmat_e6c13024fff34645bc745c02fd358db2,0130222,"Tee 3/4"" Copper PRSF W/EPDM",130222,$12.29,$12.29,true,Each,false
Install,Plumbing,Press copper fittings,pbmat_ae131bb8d582478e8d799dc123d95699,0130225,"Tee 3/4"" x 1/2"" Copper PRSF W/EPDM",130225,$8.55,$8.55,true,Each,false
Install,Plumbing,Press copper fittings,pbmat_d063a20dd2744bbb98864c73e3e12a36,0130267,"Cap 1/2"" Copper PRSF",130267,$8.22,$8.22,true,Each,false
Install,Plumbing,Press copper fittings,pbmat_27f835c40ffb47d1bb563b1b89ee86d4,0130268,"Cap 3/4"" Copper PRSF",130268,$14.19,$14.19,true,Each,false
Install,Plumbing,Press copper fittings,pbmat_9cf2e58627a04e5ab9b0cc6f6d72f6ce,0130664,"Adapter 1/2"" Wrot Copper Press PRSF-PEX",130664,$7.05,$7.05,true,Each,false
Install,Plumbing,Press copper fittings,pbmat_03235e3c45dd4eb8a3661e944b5980f8,0130665,"Adapter 3/4"" Wrot Copper Press PRSF-PEX",130665,$9.88,$9.88,true,Each,false
Install,Plumbing,PEX Fittings,pbmat_36e26bd376e04501a4e4b463acba55e4,0571452,"Coupling 1/2"" 304 SS PEX Boshart SSPEX-PBCK05",571452,$2.32,$2.32,true,Each,false
Install,Plumbing,PEX Fittings,pbmat_0b0ad197913547869a1288b41d50bf58,0571392,"Coupling 1/2"" 304 SS PEX Boshart SSPEX-C05",571392,$0.93,$0.93,true,Each,false
Install,Plumbing,PEX Fittings,pbmat_620e0f2ef4e44305a8dbc43e0f72f999,0571393,"Coupling 3/4"" 304 SS PEX Boshart SSPEX-C07",571393,$1.43,$1.43,true,Each,false
Install,Plumbing,PEX Fittings,pbmat_67e2a0c7957743a2bc31b02193804555,0571394,"Coupling 3/4"" x 1/2"" 304 SS PEX Boshart SSPEX-C0705",571394,$1.78,$1.78,true,Each,false
Install,Plumbing,PEX Fittings,pbmat_2f2965fa9d934cdd86ac6dcbac9b0f57,0571401,"Elbow 1/2"" 304 SS 90° PEX Boshart SSPEX-E05",571401,$1.43,$1.43,true,Each,false
Install,Plumbing,PEX Fittings,pbmat_4c2a8343595a461ca38c32956dc6c43e,0571402,"Elbow 3/4"" 304 SS 90° PEX Boshart SSPEX-E07",571402,$2.26,$2.26,true,Each,false
Install,Plumbing,PEX Fittings,pbmat_9c9c1bc5a1b244419cdcf10150474803,0571413,"Adapter 304 SS 1/2"" FNPT - 1/2"" PEX Boshart SSPEX-FA05",571413,$2.39,$2.39,true,Each,false
Install,Plumbing,PEX Fittings,pbmat_808b555904384cac9da71e7a89704aff,0571417,"Adapter 304 SS 3/4"" FNPT- 1/2"" PEX Boshart SSPEX-FA0507",571417,$3.47,$3.47,true,Each,false
Install,Plumbing,PEX Fittings,pbmat_acadd93571bf459f9c1bd9d91bbb0cdb,0571418,"Adapter 3/4"" 304 SS FNPT-PEX Boshart SSPEX-FA07",571418,$3.41,$3.41,true,Each,false
Install,Plumbing,PEX Fittings,pbmat_baeec88f7511453f9fdc061de695ce37,0571419,"Adapter 3/4"" 304 SS FNPT-PEX Boshart SSPEX-FA0705",571419,$4.15,$4.15,true,Each,false
Install,Plumbing,PEX Fittings,pbmat_303a45943eb24b83b247c9b66c3b9bee,0571422,"Adapter 3/4"" 304 SS FNPT-PEX Boshart SSPEX-FA0710",571422,$7.32,$7.32,true,Each,false
Install,Plumbing,PEX Fittings,pbmat_10b4946687b64c8fa65e27b64eb2e400,0571426,"Adapter 304 SS 1/2"" MNPT - 1/2"" PEX Boshart SSPEX-MA05",571426,$2.35,$2.35,true,Each,false
Install,Plumbing,PEX Fittings,pbmat_0c7bc04a3ff5416780b849413a883ecd,0571427,"Adapter 304 SS 3/4"" MNPT - 1/2"" PEX Boshart SSPEX-MA0507",571427,$3.35,$3.35,true,Each,false
Install,Plumbing,PEX Fittings,pbmat_4481b82a1fa14e97b0ccf70f0274d80f,0571428,"Adapter 3/4"" 304 SS MNPT-PEX Boshart SSPEX-MA07",571428,$3.41,$3.41,true,Each,false
Install,Plumbing,PEX Fittings,pbmat_d1096763be274cb597a74bced31fff7c,0571429,"Adapter 3/4"" 304 SS MNPT-PEX Boshart SSPEX-MA0705",571429,$2.54,$2.54,true,Each,false
Install,Plumbing,PEX Fittings,pbmat_0d350a5722b244d7abdf913ef4375ad1,0571430,"Adapter 3/4"" 304 SS MNPT-PEX Boshart SSPEX-MA0710",571430,$6.55,$6.55,true,Each,false
Install,Plumbing,PEX Fittings,pbmat_47a3d471e86f486d8be4bf570feeb182,0571453,"Coupling 3/4"" 304 SS PEX Boshart SSPEX-PBCK07",571453,$3.52,$3.52,true,Each,false
Install,Plumbing,PEX Fittings,pbmat_94e94005f76f4364848d35c1059dd479,0571455,"Tee 1/2"" 304 SS PEX Boshart SSPEX-T05",571455,$1.85,$1.85,true,Each,false
Install,Plumbing,PEX Fittings,pbmat_5467d1e445be44379301d2613b28ac34,0571457,"Tee 3/4"" 304 SS PEX Boshart SSPEX-T07",571457,$2.86,$2.86,true,Each,false
Install,Plumbing,PEX Fittings,pbmat_406863cf93fb46fda3ab49ad3276381e,0571470,"Tee 3/4"" x 1/2"" 304 SS PEX Boshart SSPEX-T070705",571470,$2.82,$2.82,true,Each,false
Install,Plumbing,Accessories,pbmat_7be31673867b4ddb85e53f61f1634d58,3332098,"Brass Vacuum 200 PSI F/Vacuum N36 Relief Valve 1/2""",3332098,$18.35,$18.35,true,Each,false
Install,Plumbing,Accessories,pbmat_b603ed36f9b64510b6cee058b918a09a,3330010,"Brass Vacuum 200 PSI F/Vacuum N36 Relief Valve 3/4""",3330010,$31.40,$31.40,true,Each,false
Install,Plumbing,Accessories,pbmat_be593b0d89af49578fca4977b1786dc3,4543913,Wedge PVC Shim White Spectrum Sales Wobble Wedge 7075J,4543913,$0.75,$0.75,true,Each,false
Install,Plumbing,PEX tube,pbmat_f7ec005bd56747f189ebd57361fea6e3,0570413,"Tube 1/2"" CTS x 20' PEX White",0570413,$7.75,$7.75,true,Each,false
Install,Plumbing,PEX tube,pbmat_5f88927b265f48b8882b770ea9b52a55,0571941,"Tube 1/2"" CTS x 20' PEX Blue",0571941,$7.75,$7.75,true,Each,false
Install,Plumbing,PEX tube,pbmat_ed34ef6bd6c9478aaa032be2e10ae053,0571943,"Tube 1/2"" CTS x 20' PEX Red",0571943,$7.75,$7.75,true,Each,false
Install,Plumbing,PEX tube,pbmat_cd9cb61bbb9c45218fe56f40c65c83d7,0570415,"Tube 3/4"" CTS x 20' PEX White",0570415,$15.15,$15.15,true,Each,false
Install,Plumbing,PEX tube,pbmat_403bfcc269364b8f87a9b5e25e6fca50,0571942,"
Tube 3/4"" CTS x 20' PEX Blue",0571942,$15.15,$15.15,true,Each,false
Install,Plumbing,PEX tube,pbmat_4b83184446b64a46ac300a5bf2c8d900,0571944,"Tube 3/4"" CTS x 20' PEX Red",0571944,$15.15,$15.15,true,Each,false
Install,Plumbing,Copper pipe,pbmat_ca0a8c9447ea40d0b73382609f800e8b,0713001,"Tube 3/4"" L Hard Copper 12' Length",0713001,$71.89,$71.89,true,Each,false
Install,Plumbing,Copper pipe,pbmat_a25caf199c484b2b811361b2b9e1b2ef,0713000,"Tube 1/2"" L Hard Copper 12' Length",0713000,$45.10,$45.10,true,Each,false
Install,Plumbing,Press copper fittings,pbmat_905d8ef51bd6474089c43bb05a8163fb,0399991,"BMI 13515 Ball Valve 3/4"" LF Brass FP Lever PF W/EPDM",0399991,$18.24,$18.24,true,Each,false
Install,Plumbing,Press copper fittings,pbmat_2eea1a96e41e4722b06fe359f41ee29e,0399990,"BMI 13514 Ball Valve 1/2"" LF Brass FP Lever PF W/EPDM",0399990,$10.74,$10.74,true,Each,false
Install,Plumbing,PEX Fittings,pbmat_f497e6dea9b84334b8028258cff9c443,0390243,"Ball Valve 3/4"" LF Brass FP T-Handle PEXCR W/EPDM",0390243,$6.82,$6.82,true,Each,false
Install,Plumbing,PEX Fittings,pbmat_4fc4e467b39d4060b149cc0a83c90650,0390242,"Ball Valve 1/2"" LF Brass FP T-Handle PEXCR W/EPDM",0390242,$5.37,$5.37,true,Each,false
Equipment,Moovair,"",pbmat_a9203ff770da44c9b28a0c6a86923cd0,Wired Mini-Split Controller X6W,Moovair WIFI Wired Mini-Split Controller KJR-120N(X6W)/BGEF,,$0.00,$0.00,true,,false
Equipment,Coleman,"",pbmat_eb6dfc46ffbb4558aa608d01f3a320a9,COLEMANLABOUR,"Extended labour warranty for Coleman equipment, providing additional coverage for repair and replacement labour costs beyond the standard warranty period. This ensures peace of mind and protection against unexpected expenses.",COLEMANLABOUR,$959.00,$959.00,true,Each,false
Install,Drainage,Pipe and fittings,pbmat_f3d881609ac94b269f26766776cf8244,P6M,"STAINLESS STEEL GEAR CLAMP 5/8"" 5/16 - 7/8",P6M,$1.25,$1.25,true,Each,false
Install,Electrical,"",pbmat_296efd21a5a24a9aa4d20da419603964,3232W,DUPLEX WHITE WALL RECEPTACLE 15A 120V,3232W,$1.42,$1.42,true,Each,true
Install,Electrical,"",pbmat_f783075e1eb8433fa43d096cf41672e7,84948,"Mars Utility Box, 1/2 in Knockout, Steel, 4 in H x 2-1/8 in W x 1-7/8 in D",84948,$10.64,$10.64,true,"",false
Install,Mounting,"",pbmat_2fa1cca9b4e441a3bd7bb10f4c093ecc,10010079,MicroPro Sienna 4 x 4 x 8' Pressure Treated Wood Post (Suitable for Ground Contact),10010079,$18.29,$18.29,true,Each,true
Subcontracting,"","",pbmat_a46f61890eb04896804c3336a4493e1d,ESUPGRADE,Electrical service upgrade,ESUPGRADE,$5000.00,$5000.00,true,Each,false
Repair,"","",pbmat_5e021c3637534f5592a839cdb2249729,33W12,"Lennox 101564-01, 1/2 HP ECM Blower Motor, 0-1200 RPM, 48 FR, 120/240 VAC",,$588.50,$0.00,true,,false
Repair,"","",pbmat_28bb63ae599e4151b0179cd228a78737,BLW01137,VENT MTR ASSM,BLW01137,$438.60,$438.60,true,Each,true
Repair,"","",pbmat_e687450b5c8443258f314e950d8c0368,SFCAP10440,RUN CAP 10MFD,SFCAP10440,$11.17,$11.17,true,Each,true
Repair,"","",pbmat_f5fec536dfab42e5ad0bae43cbdd4bb0,NR3XL 3/4 PRV NL,Pressure reducing valve NR3XL 3/4 PRV NL,,$144.82,$3340127.00,true,,false
Repair,"","",pbmat_5f01221d4b8c402697635de4641bf9ab,7020147,Pressure gauge P500 2-1/2 1/4LM GAUGE 0-60,7020147,$9.98,$9.98,true,,false
Repair,"","",pbmat_47682ddd5cb94e73950890b5e23989ba,0576364,3/4x1/2 PEX CRIMP-MIP ADPT BRS LF,0576364,$2.53,$2.53,true,,false
Install,Cylinders,"",pbmat_8688c89cc6ae4e02b594fdcf20f9cff3,QREFILL,REFILL NITROGEN 2.33CUBI,QREFILL,$54.35,$54.35,true,Each,false
Install,Gas ,"",pbmat_a451bf80ac6349ebaa6b3b409ca4ef44,4810D,"Brass Coupling Connector, 45°, 5/8"" FL x 1/2 MPT",4810D,$2.98,$2.98,true,Each,false
Install,Gas ,"",pbmat_a5abd5c55303412b8186125c8c0bd60f,488D,"Brass Connector, 1/2"" Male x 1/2"" Male",488D,$2.13,$2.13,true,Each,false
Install,Gas ,"",pbmat_a914d4f672774f4b85676351528ecc7f,4010B,"Brass Short Forged Nut, 5/8"", 650PSI, -65 to 250°F",4010B,$2.69,$2.69,true,Each,false
Install,Gas ,"",pbmat_097811ee8a104102b0db0e1a2a325493,408,"Brass Short Forged Nut, 1/2"", 750PSI, -65 to 250°F",408,$1.66,$1.66,false,Each,false
Install,Gas ,"",pbmat_dc38d68c9f3c4285b26e4e5eb1932e58,GASTUBE12,"Soft Gas Tubing, 1/2"" x 50' Roll",GASTUBE12,$207.32,$207.32,true,per foot,false
Install,Gas ,"",pbmat_e6eaab53722a4d01a7da6ce1b264e65c,BV2103DCGA,"GAS BALL VALVE 1/2"" X 1/2"" FPT EXTERIOR",BV2103DCGA,$6.33,$6.33,true,Each,false
Install,Gas ,"",pbmat_d12484d3cfd043fe9abad54acdcc3dfc,421005015,"Welded Steel Nipple, 1/2"" x 1-1/2""",421005015,$1.07,$1.07,true,Each,false
Install,Gas ,"",pbmat_839aa74ae2fe4ac88426c3b8cdfcceae,421005030,"Welded Steel Nipple, 1/2"" x 3""",421005030,$1.31,$1.31,true,Each,false
Install,Refrigerant piping,Accessories,pbmat_806af50b082445e2b75675ef3b662ab7,HPC083S,HEAT PUMP FILTER DRIER 3/8 ODF (Solder Female),HPC083S,$63.19,$63.19,true,Each,false
Install,Ductwork,Misc fittings,pbmat_75a878d8dd4e4fcb87e479fe7d1fcb35,6660200,"Sheet Metal 36"" x 96"" 0.021MM Steel 26GA Galvanized",6660200,$50.77,$50.77,true,Each,false
Install,Flue,"",pbmat_7cd0201f5eca4dc18f7b47a044ff984f,196050,"Ipex Polyethylene Round Termination Vent Screen, 2""",196050,$5.17,$5.17,true,Each,false
Subcontracting,"","",pbmat_1f4efdc5b7ad45a49852fde20147490a,HVACSUB,HVAC Subcontract,HVACSUB,$3500.00,$3500.00,true,per day,false
Install,Electrical,"",pbmat_d67d17c1aee94614afd91664565a0c05,CAB8RW90REDCUT,"8 AWG 600V RW90 X-LINK Stranded Copper Cable Cut, Red",CAB8RW90REDCUT,$0.75,$0.75,true,per foot,false
Install,Electrical,"",pbmat_9825258a46d54dc99e0e86f1d34a62f9,CAB8RW90BLKCUT,"8 AWG 600V RW90 X-LINK Stranded Copper Cable, Black",CAB8RW90BLKCUT,$0.75,$0.75,true,per foot,false
Install,Electrical,"",pbmat_795398002bb949359b5ff7845c59125f,CAB14/2AC9075,"75mtr 14/2C 600V AC90 Aluminum Armoured Cable, Copper Conductor",CAB14/2AC9075,$1.01,$1.01,true,per foot,false
Install,Electrical,"",pbmat_5b5a461e292547e992206afbf4783297,CI70,LOOMEX/BX CONNECTOR,CI70,$1.10,$1.10,true,Each,false
Install,Drainage,Pipe and fittings,pbmat_629ce7ececc446b989edaf7f365c4fc8,0532223,"Tee Wye 1-1/2"" ABS SOC F/ABS-DWV Sanitary Black (Verticle drains)",0532223,$1.97,$1.97,true,Each,false
Install,Drainage,Pipe and fittings,pbmat_d762251f06cc4c9db7bc8d16be735948,0152180,"Adapter 3/8"" x 1/2"" Nylon BARB-MIP",0152180,$1.86,$1.86,true,Each,false
Install,Drainage,Pipe and fittings,pbmat_a124e237f8b7403d93794b34195890aa,0531731,"Bushing 1-1/2"" x 1/2"" ABS SPG-FNPT F/ABS-DWV Dishwasher",0531731,$1.90,$1.90,true,Each,false
Install,Mounting,"",pbmat_cdb81848695449a7a089dc4bfa9867d4,1001591313,Oldcastle Titan 16 x 32 Slab Avalanche,1001591313,$21.82,$21.82,true,Each,false
Install,Mounting,"",pbmat_d52e4a18ff764fc8a0694f69b80ead9e,1000142976,Quikrete Base Rock 25kg,1000142976,$15.41,$15.41,true,Each,false
Install,Mounting,"",pbmat_d71fccffa6884afaa9fef211a6a1f3fa,MP4E,"AV Pad, E. V. A. (4x4x7/8)",MP4E,$3.28,$3.28,true,Each,false
Install,Mounting,"",pbmat_33b49ce762ae4871b597dd628eede7b2,MP2E,"AV Pad, E. V. A. (4x4x7/8)",MP2E,$1.24,$1.24,true,Each,false
Install,Gas ,"",pbmat_148571417b4b4ebcb2e62ecca10870e5,390042007,EXTENDED PIPE STAY 1/2,390042007,$1.42,$1.42,true,Each,false
Install,Gas ,"",pbmat_a7f89893a1324636a9ab4f3256f40c50,390041007,"STANDARD PIPE STAY 1/2""",390041007,$1.32,$1.32,true,Each,false
Install,Gas ,"",pbmat_008376849b334247b0dada917cf9bdd6,451001005,"Black Iron Tee, 1/2"" x 1/2"" x 1/2""",451001005,$1.56,$1.56,true,Each,false
Install,Gas ,"",pbmat_6886f575ac674595aae4a6d068b69f5f,451047005,"BLACK CAP 1/2""",451047005,$0.95,$0.95,true,Each,false
Install,Gas ,"",pbmat_162a86ee8c1746caa83d388d9fa756f2,421005080,"Welded Steel Nipple, 1/2"" x 8""",421005080,$3.27,$3.27,true,Each,false
Install,Gas ,"",pbmat_7e542e7432284a2ab17893533ad9a9ee,451006005,"BLACK ELBOW 90D 1/2""",451006005,$1.22,$1.22,true,Each,false
Install,Mounting,"",pbmat_dee1492ab0234c598f59b9a0c42517d4,6896591,Goldstone 2024002 37x24x18 Steel Snow Stand Adjustable,6896591,$165.85,$165.85,true,Each,false
Install,Air quality,"",pbmat_42da3a7ff0ee476b9fb8783980f03e09,EARAM2000,The Electro-Air High-Efficiency Right Angle Media (RAM) Air Cleaner is a space-saving design for vertical installations.,EARAM2000,$248.78,$248.78,true,Each,false
Install,Electrical,"",pbmat_6667d047a5f54de9b23dd9cd69962080,96419,60A Non-Fused A/C Disconnect w/ Top Open and RSH-50 Surge Protective Device (120/240V),96419,$164.73,$164.73,true,Each,false
Subcontracting,"","",pbmat_62907643c11a4f7abc328b8881a2196d,VENTSUB,Labour for installing a ventilation fan,VENTSUB,$800.00,$800.00,true,Each,false
Install,Ductwork,Round fittings,pbmat_7caa0a6c14db450f8a87ff9258246e20,6719700,"Reducer 6-4"" Steel 28GA Large End Small End LE-SE Galvanized",6719700,$21.10,$21.10,true,Each,false
Install,Mounting,"",pbmat_8211e17853f84d6eb9d2d43ee09f563d,350CD443,(PK.100) ANCHORS WITH DRIVE NAIL 1/4 X 2 ,350CD443,$0.26,$0.26,true,Each,false
Install,Flue,"",pbmat_b6e17912ee5b40bda76d0946d5fb7750,4010017,"Flashing 2"" Thermoplastic F/Roof Black",4010017,$7.79,$7.79,true,Each,false
Install,Flue,"",pbmat_7a7ae9f2f05b40e7ae88305ad5ec0323,4011000,Flashing for concentric kit Thermoplastic F/Roof Black,4011000,$7.79,$7.79,true,Each,false
Install,Flue,"",pbmat_c13bf3e0a80e427da3f70d987167b259,196005,"IPEX System 636 Pvc Concentric Vent Kit, 2"" x 16""",196005,$131.14,$131.14,true,Each,false
Install,Flue,"",pbmat_caf46796410c4642b9171cb4bc0b9a97,1000180645,Black Knight 300 mL Clear Patch Roof Repair,1000180645,$14.92,$14.92,true,Each,false
Repair,"","",pbmat_e28038eba01d4ea6bc9ed95295cc4943,dryer vent (home depot) ,"","",$40.00,$40.00,true,Each,false
Repair,"","",pbmat_d19cdeaff1c940e88d2c44a67f2745a5,Flex hose Home Depot,"","",$65.00,$65.00,true,Each,false
Install,Electrical,"",pbmat_2883411e1f0348219b95faa68b391ab8,EDS60U,"Diversitech Disconnect Switch, Non-Fused, 60 A, Class 60, Metal, Gray",EDS60U,$21.42,$21.42,true,Each,false
Install,Flue,"",pbmat_da5b2317af8844a5989247655d41bdfe,ST222550,STEEL STRAPPING 1/2 X 25' 22 GA,ST222550,$4.13,$4.13,true,Each,false
Install,Gas ,"",pbmat_0308c97c87f44c9bbf2f30dafc84eabc,79408RS,"RISER 1"" X 1"" IPS MECHANICAL COUPLING",79408RS,$217.92,$217.92,true,Each,false
Install,Gas ,"",pbmat_90f718a5eaa847368645fd23bea61327,PPIPS1,"1"" CTS UNDERGROUND GAS PIPE, B137.4",PPIPS1,$1.44,$1.44,true,per foot,false
Install,Gas ,"",pbmat_dfae4b4d36ab4fafa43813116d44c1b8,390042012,"EXTENDED PIPE STAY 1""",390042012,$1.75,$1.75,true,Each,false
Install,Gas ,"",pbmat_7bbb0baf1c844f10817c55cd2f15211d,AY4821008,"Elster perfection AY4821008 Insulated Union, 1"" x 1""",AY4821008,$54.05,$54.05,true,Each,false
Install,Gas ,"",pbmat_e97da2c041ba4d91804b9396433993b5,CH1430YSF250,"14 Gauge Copper Head Tracer Wire, 250' Coil",CH1430YSF250,$80.20,$80.20,true,Each,false
Install,Gas ,"",pbmat_365d2bce49d14c1cba2d54b276939fb8,2513200,"Pipe 1"" Black Carbon Steel Standard Electric Fusion Weld ASTM A53 BE SRL",2513200,$2.01,$2.01,true,per foot,true
Install,Gas ,"",pbmat_425f629cdbfd4b538b3c365ec57f7436,0262281,"Conbraco PowerPress 404G PWR7482101 Adapter 1"" Carbon Steel Press PRSF-MIP",0262281,$28.26,$28.26,true,Each,false
Install,Gas ,"",pbmat_a9282ec47d1a4ff8a2f901090f25bfa9,0262202,"Conbraco PowerPress 400G PWR7481311 Coupling 1"" Carbon Steel PRSF W/EPDM Stop",0262202,$25.69,$25.69,true,Each,false
Install,Gas ,"",pbmat_908094b9695a43529ffa648bc217e062,0262214,"Conbraco PowerPress 407G PWR7481430 Elbow 1"" Carbon Steel 90° PRSF W/EPDM",0262214,$22.68,$22.68,true,Each,false
Install,Gas ,"",pbmat_c1398d0858254c39ba79428549a068d7,0262238,"Conbraco PowerPress 411G PWR7481672 Tee 1"" Carbon Steel PRSF F/Gas W/HNBR",0262238,$35.44,$35.44,true,Each,false
Install,Gas ,"",pbmat_f1efed7a8f134245bd2a69bbc72836d6,451006010,"Iron Elbow, 90°, 1"" Female x 1"" Female",451006010,$3.97,$3.97,true,Each,false
Install,Gas ,"",pbmat_61adbde993614b1c9811f5b0c1e99f64,451001010,"BLACK TEE 1""",451001010,$5.15,$5.15,true,Each,false
Install,Gas ,"",pbmat_1a787740e9474a2eb4c8bb7935487810,421010030,"Welded Steel Nipple, 1"" Male x 3"" Male",421010030,$2.19,$2.19,true,Each,false
Install,Gas ,"",pbmat_4e48ef7067ea4699a97959c8a1a833b9,421010060,"Welded Steel Nipple, 1"" Male x 6"" Male",421010060,$3.40,$3.40,true,Each,false
Install,Gas ,"",pbmat_3de04c840c4f45fa8cd909b97433aca6,421010000,"Welded Steel Nipple, 1"" Male x 1"" Male",421010000,$1.84,$1.84,true,Each,false
Install,Gas ,"",pbmat_90474898902e43e58c180f5762a75d35,451047010,"Black Iron FIP Cap, 1"" NPT",451047010,$2.43,$2.43,true,Each,false
Equipment,Rinnai,"",pbmat_b17ece4094f749399fe96c29b7d864dd,MIVKTLW,"Rinnai Plumbing Installation Valve Kit, Threaded",MIVKTLW,$120.60,$120.60,true,Each,false
Install,Plumbing,Insulation,pbmat_03e40c4da749464ea0e6d3016aae0baa,9020701,"Insulation 3/4""CU x 1/2""W Tundra 6' Length",9020701,$5.65,$5.65,true,Each,false
Install,Flue,"",pbmat_31ec214f34d5448cba55e86961b1c3b8,196063,"IPEX Pvc Round Plate, 2""",196063,$20.88,$20.88,true,Each,false
Install,Ductwork,Diffusers & grilles,pbmat_b1d44451cbe04b2ea3122bf8c7ac5468,6731809,"Primex SV6-25 Vent 6"" 6"" Polymer Resin Soffit W/Damper Black",6731809,$13.16,$13.16,true,$13.16,false
Install,Drainage,Pipe and fittings,pbmat_4cb4d493053945d799b978ea9f4fac10,5435101,"PVC Reducing Adapter, 3/4"" Female x 1/2"" Female",5435101,$0.57,$0.57,true,Each,false
Install,Gas ,"",pbmat_74b690fc00324adb984d3549d6062ee1,390042010,"EXTENDED PIPE STAY 3/4""",390042010,$1.68,$1.68,true,Each,false
Install,Gas ,"",pbmat_19b09acc1fb146fda4359aa3f796092b,451006007,"Iron Elbow, 90°, 3/4"" Female x 3/4"" Female",451006007,$2.59,$2.59,true,Each,false
Install,Gas ,"",pbmat_fd82f81995054117b669288c15031e7e,451001007,"Black Iron Tee, 3/4"" x 3/4"" x 3/4""",451001007,$3.30,$3.30,true,Each,false
Install,Gas ,"",pbmat_071e3547a4d049e5ac07ef37b35456c2,451047007,"Black Iron FIP Cap, 3/4"" NPT",451047007,$1.78,$1.78,true,Each,false
Install,Gas ,"",pbmat_a567ebbaca064903a86e1ac794b13fff,421007015,"Welded Steel Nipple, 3/4"" Male x 1-1/2"" Male",421007015,$1.31,$1.30,true,Each,false
Install,Gas ,"",pbmat_d348518f930b47b7b196be8b985b5dba,421007030,"BLACK NIPPLE FITTING 3/4 X 3""",421007030,$1.53,$1.53,true,Each,false
Install,Gas ,"",pbmat_cd7a6a654e774cbb91241316edd2675b,451029101,"Iron Coupling, 3/4"" Female x 1/2"" Female",451029101,$2.43,$2.43,true,Each,false
Install,Gas ,"",pbmat_40260c84522e4cd1a05aab327a1b7bc2,9567229,"Oara R95 Regulator 3/4"" Pressure 2 PSI 7.00-11.00"" WC F/NG",9567229,$88.00,$88.00,true,Each,false
Install,Gas ,"",pbmat_190234c019a94a909c2559a8a5e808a3,451094007,"Black Iron FIP Union, 3/4"" NPT x 3/4"" NPT",451094007,$11.38,$11.38,true,Each,true
Install,Miscellaneous,"",pbmat_14e11fd22f1840bdb94e8de634bf0e03,1000118290,Alexandria Moulding 5/8-inch x 24-inch x 48-inch Melamine White Handy Panel,1000118290,$25.66,$25.66,true,Each,false
Install,Drainage,Pipe and fittings,pbmat_c5cc4e70e56048149afc307717e82384,035863,"IPEX PVC FPT Reducing Tee, 3/4"" x 3/4""x 1/2""",035863,$1.40,$1.40,true,Each,false
Install,Plumbing,Accessories,pbmat_a7135631f9d24e78b39aab163c4c369e,3331709,"Watts 100XL 100XL4 Relief Valve 3/4"" Bronze Temperature Pressure MIP-FIP 150 PSI",3331709,$20.61,$20.61,true,Each,false
Install,Plumbing,Accessories,pbmat_f1ceef254564409e93d68409eaab7bd4,0698322,"Drain Pan 24"" Steel Round W/Tailpiece Galvanized",0698322,$32.96,$32.96,true,Each,false
Install,Plumbing,Accessories,pbmat_3d4a405dea0b4604b632804742ee5941,0690197,HoldRite QuickStrap QS-50 Strap Steel Seismic Earthquake F/80USG Water Heater Galvanized,0690197,$34.70,$34.70,true,Each,false
Equipment,Rinnai,"",pbmat_499cb110b87b491b9ff8ff20f8d9a552,RX130IN,"Rinnai SENSEI RX-Series 7.1 GPM Condensing Tankless Water Heater - 130,000 BTU",RX130IN,$1656.61,$1656.61,true,Each,false
Equipment,Rinnai,"",pbmat_f8a856fc1ad2428d9b1295f1bf489434,RX160IN,"Rinnai SENSEI RX-Series 9.0 GPM Condensing Tankless Water Heater - 160,000 BTU",RX160IN,$1795.20,$1795.20,true,Each,false
Install,Gas ,"",pbmat_faf93fb0d0604d38a6f70711b10db611,BV2103ECGA,PROP. BALL VALVE 3/4FPTCGA,BV2103ECGA,$10.06,$10.06,true,Each,false
Install,Miscellaneous,"",pbmat_c7f0b932b8ed4e918c09880257a39ebc,TRUCKSTOCK50,"Small truck stock items such as fasteners, wiring conduits and connectors, drain fittings, pipe straps, tapes, insulation, glues, sealants, spray foam, nitrogen pressure tests, nitrogen purging, brazing materials, etc.",TRUCKSTOCK50,$50.00,$50.00,true,Each,false
Install,Miscellaneous,"",pbmat_e27b543653c743c7aa3870dc123cc7f8,TRUCKSTOCK100,"Small truck stock items such as fasteners, wiring conduits and connectors, drain fittings, pipe straps, tapes, insulation, glues, sealants, spray foam, nitrogen pressure tests, nitrogen purging, brazing materials, etc.",TRUCKSTOCK100,$100.00,$100.00,true,Each,false
Install,Gas ,"",pbmat_bae978c15534474db7ced8f1e9874818,448,"Brass Union Tube End Style Tee, 1/2"" x 1/2"" x 1/2"", 750PSI, -65 to 250°F",448,$4.70,$4.70,true,Each,false
